{
    "paper_1": "ΤΟΜΕΑΣ ΕΦΑΡΜΟΣΜΕΝΩΝ ΤΕΧΝΩΝ > Γ' ΕΠΑ.Λ > ΣΥΝΤΗΡΗΣΗ ΕΡΓΩΝ ΤΕΧΝΗΣ > ΣΥΝΤΗΡΗΣΗ ΕΡΓΩΝ ΤΕΧΝΗΣ (ΤΕΥΧΟΣ Β')",
    "paper_6": "ΤΟΜΕΑΣ ΜΗΧΑΝΟΛΟΓΙΑΣ > Γ' ΕΠΑ.Λ > ΣΤΟΙΧΕΙΑ ΨΥΞΗΣ- ΚΛΙΜΑΤΙΣΜΟΥ > ΕΓΚΑΤΑΣΤΑΣΕΙΣ ΨΥΞΗΣ Ι (ΕΡΓΑΣΤΗΡΙΑΚΟΣ ΟΔΗΓΟΣ)",
    "paper_8": "ΤΟΜΕΑΣ ΕΦΑΡΜΟΣΜΕΝΩΝ ΤΕΧΝΩΝ > Β' ΕΠΑ.Λ > ΤΕΧΝΟΛΟΓΙΑ ΥΦΑΝΤΙΚΩΝ ΥΛΩΝ > ΤΕΧΝΟΛΟΓΙΑ ΚΛΩΣΤΟΫΦΑΝΤΟΥΡΓΙΚΩΝ ΥΛΩΝ (ΥΦΑΝΤΕΣ ΥΛΕΣ)",
    "paper_10": "ΤΟΜΕΑΣ ΗΛΕΚΤΡΟΛΟΓΙΑΣ, ΗΛΕΚΤΡΟΝΙΚΗΣ ΚΑΙ ΑΥΤΟΜΑΤΙΣΜΟΥ > Γ' ΕΠΑ.Λ > ΕΡΓΑΣΤΗΡΙΟ ΗΛΕΚΤΡΟΤΕΧΝΙΑΣ ΚΑΙ ΗΛΕΚΤΡΙΚΩΝ ΜΗΧΑΝΩΝ > ΗΛΕΚΤΡΟΛΟΓΙΚΟ ΕΡΓΑΣΤΗΡΙΟ",
    "paper_11": "ΤΟΜΕΑΣ ΥΓΕΙΑΣ - ΠΡΟΝΟΙΑΣ - ΕΥΕΞΙΑΣ > Γ' ΕΠΑ.Λ > ΚΟΣΜΗΤΟΛΟΓΙΑ - ΤΕΧΝΟΛΟΓΙΑ ΥΛΙΚΩΝ > ΚΟΣΜΗΤΟΛΟΓΙΑ",
    "paper_12": "ΤΟΜΕΑΣ ΝΑΥΤΙΛΙΑΚΩΝ ΕΠΑΓΓΕΛΜΑΤΩΝ > Β' ΕΠΑ.Λ > ΝΑΥΠΗΓΙΚΟ - ΜΗΧΑΝΟΛΟΓΙΚΟ - ΗΛΕΚΤΡΟΛΟΓΙΚΟ ΣΧΕΔΙΟ > ΤΕΧΝΙΚΟ ΣΧΕΔΙΟ - ΕΠΙΛ.",
    "paper_18": "Β' Γυμνασίου > ΒΙΟΛΟΓΙΑ > ΒΙΟΛΟΓΙΑ (ΕΡΓΑΣΤΗΡΙΑΚΟΣ ΟΔΗΓΟΣ)",
    "paper_19": "ΤΟΜΕΑΣ ΥΓΕΙΑΣ - ΠΡΟΝΟΙΑΣ - ΕΥΕΞΙΑΣ > Γ' ΕΠΑ.Λ > ΑΚΤΙΝΟΤΕΧΝΟΛΟΓΙΑ ΙΙ > ΘΕΩΡΙΑ ΑΚΤΙΝΟΤΕΧΝΟΛΟΓΙΑΣ",
    "paper_21": "ΤΟΜΕΑΣ ΓΕΩΠΟΝΙΑΣ, ΤΡΟΦΙΜΩΝ ΚΑΙ ΠΕΡΙΒΑΛΛΟΝΤΟΣ > Γ' ΕΠΑ.Λ > ΜΕΤΑΠΟΙΗΣΗ ΖΩΙΚΩΝ ΠΡΟΙΟΝΤΩΝ > ΜΕΤΑΠΟΙΗΣΗ ΖΩΙΚΩΝ ΠΡΟΪΟΝΤΩΝ",
    "paper_23": "ΤΟΜΕΑΣ ΥΓΕΙΑΣ - ΠΡΟΝΟΙΑΣ - ΕΥΕΞΙΑΣ > Γ' ΕΠΑ.Λ > ΦΑΡΜΑΚΕΥΤΙΚΗ ΤΕΧΝΟΛΟΓΙΑ ΙΙ > ΦΑΡΜΑΚΕΥΤΙΚΗ ΤΕΧΝΟΛΟΓΙΑ Ι & ΙΙ",
    "paper_25": "ΤΟΜΕΑΣ ΜΗΧΑΝΟΛΟΓΙΑΣ > Γ' ΕΠΑ.Λ > ΣΥΣΤΗΜΑΤΑ ΑΥΤΟΚΙΝΗΤΟΥ > ΗΛΕΚΤΡΙΚΟ ΣΥΣΤΗΜΑ ΑΥΤΟΚΙΝΗΤΟΥ & ΣΧΕΔΙΟ ΗΛΕΚΤΡΙΚΟΥ ΣΥΣΤΗΜΑΤΟΣ ΑΥΤΟΚΙΝΗΤΟΥ",
    "paper_28": "ΤΟΜΕΑΣ ΠΛΗΡΟΦΟΡΙΚΗΣ > Β' ΕΠΑ.Λ > ΣΧΕΔΙΑΣΜΟΣ ΚΑΙ ΑΝΑΠΤΥΞΗ ΙΣΤΟΤΟΠΩΝ > ΣΧΕΔΙΑΣΜΟΣ ΚΑΙ ΑΝΑΠΤΥΞΗ ΙΣΤΟΤΟΠΩΝ",
    "paper_37": "ΤΟΜΕΑΣ ΥΓΕΙΑΣ - ΠΡΟΝΟΙΑΣ - ΕΥΕΞΙΑΣ > Γ' ΕΠΑ.Λ > ΧΕΙΡΟΥΡΓΙΚΗ - ΤΕΧΝΙΚΗ ΧΕΙΡΟΥΡΓΕΙΟΥ > ΧΕΙΡΟΥΡΓΙΚΗ",
    "paper_38": "ΤΟΜΕΑΣ ΕΦΑΡΜΟΣΜΕΝΩΝ ΤΕΧΝΩΝ > Β' ΕΠΑ.Λ > ΑΡΧΕΣ ΣΥΝΘΕΣΗΣ > ΑΡΧΕΣ ΣΥΝΘΕΣΗΣ",
    "paper_40": "Β' Εκκλησιαστικού Λυκείου > ΒΥΖΑΝΤΙΝΗ ΜΟΥΣΙΚΗ > ΕΚΚΛΗΣΙΑΣΤΙΚΗ ΜΟΥΣΙΚΗ",
    "paper_41": "ΤΟΜΕΑΣ ΔΙΟΙΚΗΣΗΣ ΚΑΙ ΟΙΚΟΝΟΜΙΑΣ > Γ' ΕΠΑ.Λ > ΓΕΩΓΡΑΦΙΑ ΤΟΥΡΙΣΜΟΥ > ΤΟΥΡΙΣΤΙΚΗ ΓΕΩΓΡΑΦΙΑ",
    "paper_46": "Γ' Γυμνασίου > ΦΥΣΙΚΗ ΑΓΩΓΗ > ΦΥΣΙΚΗ ΑΓΩΓΗ",
    "paper_47": "ΤΟΜΕΑΣ ΔΙΟΙΚΗΣΗΣ ΚΑΙ ΟΙΚΟΝΟΜΙΑΣ > Γ' ΕΠΑ.Λ > ΟΡΓΑΝΩΣΗ ΚΑΙ ΛΕΙΤΟΥΡΓΙΑ ΤΟΥΡΙΣΤΙΚΩΝ ΕΠΙΧΕΙΡΗΣΕΩΝ > ΛΕΙΤΟΥΡΓΙΕΣ ΤΟΥΡΙΣΤΙΚΩΝ ΓΡΑΦΕΙΩΝ",
    "paper_49": "ΤΟΜΕΑΣ ΠΛΗΡΟΦΟΡΙΚΗΣ > Γ' ΕΠΑ.Λ > ΣΥΣΤΗΜΑΤΑ ΔΙΑΧΕΙΡΙΣΗΣ ΒΑΣΕΩΝ ΔΕΔΟΜΕΝΩΝ ΚΑΙ ΕΦΑΡΜΟΓΕΣ ΤΟΥΣ ΣΤΟ ΔΙΑΔΙΚΤΥΟ > ΣΥΣΤΗΜΑΤΑ ΔΙΑΧΕΙΡΙΣΗΣ ΒΑΣΕΩΝ ΔΕΔΟΜΕΝΩΝ ΚΑΙ ΕΦΑΡΜΟΓΕΣ ΤΟΥΣ ΣΤΟ ΔΙΑΔΙΚΤΥΟ",
    "paper_51": "ΜΑΘΗΜΑΤΑ ΓΕΝΙΚΗΣ ΠΑΙΔΕΙΑΣ > Α' ΕΠΑ.Λ > ΠΛΗΡΟΦΟΡΙΚΗ > ΕΦΑΡΜΟΓΕΣ ΠΛΗΡΟΦΟΡΙΚΗΣ - ΥΠΟΛΟΓΙΣΤΩΝ",
    "paper_55": "ΜΑΘΗΜΑΤΑ ΓΕΝΙΚΗΣ ΠΑΙΔΕΙΑΣ > Α' ΕΠΑ.Λ > ΝΕΑ ΕΛΛΗΝΙΚΑ > ΝΕΑ ΕΛΛΗΝΙΚΑ",
    "paper_59": "ΤΟΜΕΑΣ ΕΦΑΡΜΟΣΜΕΝΩΝ ΤΕΧΝΩΝ > Γ' ΕΠΑ.Λ > ΤΕΧΝΟΛΟΓΙΑ ΥΛΙΚΩΝ > ΤΕΧΝΟΛΟΓΙΑ ΥΛΙΚΩΝ - ΣΥΝΤ. ΕΡΓΩΝ ΤΕΧΝ.",
    "paper_60": "ΤΟΜΕΑΣ ΥΓΕΙΑΣ - ΠΡΟΝΟΙΑΣ - ΕΥΕΞΙΑΣ > Γ' ΕΠΑ.Λ > ΑΚΙΝΗΤΗ ΠΡΟΣΘΕΤΙΚΗ - ΠΟΡΣΕΛΑΝΗ > ΑΚΙΝΗΤΗ ΠΡΟΣΘΕΤΙΚΗ - ΠΟΡΣΕΛΑΝΗ",
    "paper_61": "ΤΟΜΕΑΣ ΜΗΧΑΝΟΛΟΓΙΑΣ > Β' ΕΠΑ.Λ > ΤΕΧΝΟΛΟΓΙΑ ΜΗΧΑΝΟΛΟΓΙΚΩΝ ΚΑΤΑΣΚΕΥΩΝ - ΕΦΑΡΜΟΓΕΣ > ΤΕΧΝΟΛΟΓΙΑ ΜΗΧΑΝΟΛΟΓΙΚΩΝ ΚΑΤΑΣΚΕΥΩΝ",
    "paper_62": "ΜΑΘΗΜΑΤΑ ΓΕΝΙΚΗΣ ΠΑΙΔΕΙΑΣ > Γ' ΕΠΑ.Λ > ΝΕΑ ΕΛΛΗΝΙΚΑ > ΝΕΑ ΕΛΛΗΝΙΚΑ",
    "paper_66": "ΤΟΜΕΑΣ ΥΓΕΙΑΣ - ΠΡΟΝΟΙΑΣ - ΕΥΕΞΙΑΣ > Γ' ΕΠΑ.Λ > ΔΕΟΝΤΟΛΟΓΙΑ ΕΠΑΓΓΕΛΜΑΤΟΣ > ΔΕΟΝΤΟΛΟΓΙΑ ΕΠΑΓΓΕΛΜΑΤΟΣ",
    "paper_67": "Β' Δημοτικού > ΑΙΣΘΗΤΙΚΗ ΑΓΩΓΗ (ΕΙΚΑΣΤΙΚΑ) > ΕΙΚΑΣΤΙΚΑ",
    "paper_68": "ΤΟΜΕΑΣ ΔΙΟΙΚΗΣΗΣ ΚΑΙ ΟΙΚΟΝΟΜΙΑΣ > Γ' ΕΠΑ.Λ > ΟΡΓΑΝΩΣΗ ΚΑΙ ΔΙΑΧΕΙΡΙΣΗ ΜΕΤΑΦΟΡΩΝ > ΟΡΓΑΝΩΣΗ ΚΑΙ ΔΙΑΧΕΙΡΙΣΗ ΜΕΤΑΦΟΡΩΝ",
    "paper_72": "ΤΟΜΕΑΣ ΜΗΧΑΝΟΛΟΓΙΑΣ > Γ' ΕΠΑ.Λ > ΣΧΕΔΙΟ ΕΙΔΙΚΟΤΗΤΑΣ > ΣΧΕΔΙΟ",
    "paper_73": "ΤΟΜΕΑΣ ΥΓΕΙΑΣ - ΠΡΟΝΟΙΑΣ - ΕΥΕΞΙΑΣ > Β' ΕΠΑ.Λ > ΠΡΩΤΕΣ ΒΟΗΘΕΙΕΣ > ΠΡΩΤΕΣ ΒΟΗΘΕΙΕΣ",
    "paper_74": "ΤΟΜΕΑΣ ΝΑΥΤΙΛΙΑΚΩΝ ΕΠΑΓΓΕΛΜΑΤΩΝ > Β' ΕΠΑ.Λ > ΝΑΥΠΗΓΕΙΑ - ΕΥΣΤΑΘΕΙΑ - ΠΡΟΩΣΗ > ΕΥΣΤΑΘΕΙΑ – ΜΕΤΑΦΟΡΑ ΦΟΡΤΙΩΝ",
    "paper_76": "ΤΟΜΕΑΣ ΥΓΕΙΑΣ - ΠΡΟΝΟΙΑΣ - ΕΥΕΞΙΑΣ > Γ' ΕΠΑ.Λ > ΝΟΣΗΛΕΥΤΙΚΗ ΙΙ > ΝΟΣΗΛΕΥΤΙΚΗ - Α (ΘΕΩΡΙΑ - ΕΡΓΑΣΤΗΡΙΟ)",
    "paper_81": "ΤΟΜΕΑΣ ΠΛΗΡΟΦΟΡΙΚΗΣ > Γ' ΕΠΑ.Λ > ΠΛΗΡΟΦΟΡΙΑΚΑ ΣΥΣΤΗΜΑΤΑ ΣΕ ΕΠΙΧΕΙΡΗΣΕΙΣ ΚΑΙ ΟΡΓΑΝΙΣΜΟΥΣ > ΠΛΗΡΟΦΟΡΙΑΚΑ ΣΥΣΤΗΜΑΤΑ ΣΕ ΕΠΙΧΕΙΡΗΣΕΙΣ ΚΑΙ ΟΡΓΑΝΙΣΜΟΥΣ",
    "paper_86": "ΤΟΜΕΑΣ ΔΙΟΙΚΗΣΗΣ ΚΑΙ ΟΙΚΟΝΟΜΙΑΣ > Γ' ΕΠΑ.Λ > ΕΦΑΡΜΟΓΕΣ ΜΑΡΚΕΤΙΝΓΚ > ΤΟΥΡΙΣΤΙΚΟ MARKETING",
    "paper_89": "ΤΟΜΕΑΣ ΓΕΩΠΟΝΙΑΣ, ΤΡΟΦΙΜΩΝ ΚΑΙ ΠΕΡΙΒΑΛΛΟΝΤΟΣ > Γ' ΕΠΑ.Λ > ΑΡΧΕΣ ΒΙΟΛΟΓΙΚΗΣ ΓΕΩΡΓΙΑΣ > ΒΙΟΛΟΓΙΚΗ ΕΚΤΡΟΦΗ ΑΓΡΟΤΙΚΩΝ ΖΩΩΝ",
    "paper_91": "ΣΤ' Δημοτικού > ΘΡΗΣΚΕΥΤΙΚΑ > ΘΡΗΣΚΕΥΤΙΚΑ: ΑΝΑΚΑΛΥΠΤΟΥΜΕ ΚΕΙΜΕΝΑ, ΜΝΗΜΕΙΑ, ΤΟΠΟΥΣ ΚΑΙ ΓΕΓΟΝΟΤΑ",
    "paper_92": "ΤΟΜΕΑΣ ΗΛΕΚΤΡΟΛΟΓΙΑΣ, ΗΛΕΚΤΡΟΝΙΚΗΣ ΚΑΙ ΑΥΤΟΜΑΤΙΣΜΟΥ > Β' ΕΠΑ.Λ > ΑΥΤΟΜΑΤΙΣΜΟΙ, ΑΙΣΘΗΤΗΡΕΣ > ΣΥΣΤΗΜΑΤΑ ΑΥΤΟΜΑΤΙΣΜΩΝ (ΤΟΜΟΣ Α')",
    "paper_94": "Β' Γυμνασίου > ΘΡΗΣΚΕΥΤΙΚΑ > ΘΡΗΣΚΕΥΤΙΚΑ: Η ΕΚΚΛΗΣΙΑ: ΠΟΡΕΙΑ ΖΩΗΣ ΜΕΣΑ ΣΤΗΝ ΙΣΤΟΡΙΑ",
    "paper_95": "Γ' Γυμνασίου > ΑΡΧΑΙΑ ΕΛΛΗΝΙΚΗ ΓΛΩΣΣΑ > ΓΡΑΜΜΑΤΙΚΗ ΤΗΣ ΑΡΧΑΙΑΣ ΕΛΛΗΝΙΚΗΣ",
    "paper_99": "ΤΟΜΕΑΣ ΠΛΗΡΟΦΟΡΙΚΗΣ > Β' ΕΠΑ.Λ > ΤΕΧΝΙΚΑ ΘΕΜΑΤΑ ΠΩΛΗΣΕΩΝ ΚΑΙ ΠΡΟΔΙΑΓΡΑΦΩΝ ΥΛΙΚΟΥ ΚΑΙ ΛΟΓΙΣΜΙΚΟΥ > ΤΕΧΝΙΚΑ ΘΕΜΑΤΑ ΠΩΛΗΣΕΩΝ ΚΑΙ ΠΡΟΔΙΑΓΡΑΦΩΝ ΥΛΙΚΟΥ ΚΑΙ ΛΟΓΙΣΜΙΚΟΥ",
    "paper_102": "ΤΟΜΕΑΣ ΓΕΩΠΟΝΙΑΣ, ΤΡΟΦΙΜΩΝ ΚΑΙ ΠΕΡΙΒΑΛΛΟΝΤΟΣ > Γ' ΕΠΑ.Λ > ΕΚΤΡΟΦΗ ΑΓΡΟΤΙΚΩΝ ΖΩΩΝ > ΕΚΤΡΟΦΗ ΑΓΡΟΤΙΚΩΝ ΖΩΩΝ Ι",
    "paper_103": "ΤΟΜΕΑΣ ΗΛΕΚΤΡΟΛΟΓΙΑΣ, ΗΛΕΚΤΡΟΝΙΚΗΣ ΚΑΙ ΑΥΤΟΜΑΤΙΣΜΟΥ > Γ' ΕΠΑ.Λ > ΗΛΕΚΤΡΙΚΕΣ ΜΗΧΑΝΕΣ > ΗΛΕΚΤΡΙΚΕΣ ΜΗΧΑΝΕΣ",
    "paper_107": "ΤΟΜΕΑΣ ΕΦΑΡΜΟΣΜΕΝΩΝ ΤΕΧΝΩΝ > Γ' ΕΠΑ.Λ > ΤΕΧΝΟΛΟΓΙΑ ΥΦΑΣΜΑΤΟΣ ΚΑΙ ΟΡΓΑΝΩΣΗ ΣΥΛΛΟΓΗΣ ΕΝΔΥΜΑΤΟΣ > ΤΕΧΝΟΛΟΓΙΑ ΥΦΑΣΜΑΤΟΣ - ΥΦΑΣΜΑΤΟΛΟΓΙΑ",
    "paper_110": "Γ' Γυμνασίου > ΝΕΟΕΛΛΗΝΙΚΗ ΛΟΓΟΤΕΧΝΙΑ > ΛΕΞΙΚΟ ΛΟΓΟΤΕΧΝΙΚΩΝ ΟΡΩΝ",
    "paper_114": "Α' Γυμνασίου > ΘΡΗΣΚΕΥΤΙΚΑ > ΘΡΗΣΚΕΥΤΙΚΑ: ΕΝΑ ΤΑΞΙΔΙ ΖΩΗΣ: Η ΣΥΝΑΝΤΗΣΗ ΘΕΟΥ ΚΑΙ ΑΝΘΡΩΠΟΥ ΜΕΣΑ ΑΠΟ ΤΙΣ ΒΙΒΛΙΚΕΣ ΔΙΗΓΗΣΕΙΣ",
    "paper_117": "ΤΟΜΕΑΣ ΥΓΕΙΑΣ - ΠΡΟΝΟΙΑΣ - ΕΥΕΞΙΑΣ > Γ' ΕΠΑ.Λ > ΛΟΓΟΤΕΧΝΙΑ ΠΡΟΣΧΟΛΙΚΗΣ ΗΛΙΚΙΑΣ > ΛΟΓΟΤΕΧΝΙΑ ΠΡΟΣΧΟΛΙΚΗΣ ΗΛΙΚΙΑΣ",
    "paper_118": "Β' Γυμνασίου > ΦΥΣΙΚΗ > ΦΥΣΙΚΗ",
    "paper_121": "ΤΟΜΕΑΣ ΥΓΕΙΑΣ - ΠΡΟΝΟΙΑΣ - ΕΥΕΞΙΑΣ > Β' ΕΠΑ.Λ > ΕΡΓΑΣΙΑΚΟ ΠΕΡΙΒΑΛΛΟΝ > ΕΡΓΑΣΙΑΚΟ ΠΕΡΙΒΑΛΛΟΝ",
    "paper_123": "Γ' Εκκλησιαστικού Λυκείου > ΘΕΜΑΤΑ ΧΡΙΣΤΙΑΝΙΚΗΣ ΗΘΙΚΗΣ ΚΑΙ ΠΟΙΜΑΝΤΙΚΗΣ ΘΕΟΛΟΓΙΑΣ > ΘΕΜΑΤΑ ΧΡΙΣΤΙΑΝΙΚΗΣ ΗΘΙΚΗΣ ΚΑΙ ΠΟΙΜΑΝΤΙΚΗΣ ΘΕΟΛΟΓΙΑΣ (ΤΕΥΧΟΣ Α΄) - ΘΕΜΑΤΑ ΧΡΙΣΤΙΑΝΙΚΗΣ ΗΘΙΚΗΣ",
    "paper_126": "ΤΟΜΕΑΣ ΥΓΕΙΑΣ - ΠΡΟΝΟΙΑΣ - ΕΥΕΞΙΑΣ > Γ' ΕΠΑ.Λ > ΜΑΚΙΓΙΑΖ > ΜΑΚΙΓΙΑΖ ΙΙ",
    "paper_128": "Γ' Δημοτικού > ΘΡΗΣΚΕΥΤΙΚΑ > ΘΡΗΣΚΕΥΤΙΚΑ: ΑΝΑΚΑΛΥΠΤΟΥΜΕ ΕΙΚΟΝΕΣ, ΠΡΟΣΩΠΑ ΚΑΙ ΙΣΤΟΡΙΕΣ",
    "paper_129": "ΤΟΜΕΑΣ ΥΓΕΙΑΣ - ΠΡΟΝΟΙΑΣ - ΕΥΕΞΙΑΣ > Γ' ΕΠΑ.Λ > ΑΙΣΘΗΤΙΚΗ ΑΚΡΩΝ - ΟΝΥΧΟΠΛΑΣΤΙΚΗ > ΑΙΣΘΗΤΙΚΗ ΑΚΡΩΝ - ΟΝΥΧΟΠΛΑΣΤΙΚΗ",
    "paper_130": "Γ' Γυμνασίου > ΚΟΙΝΩΝΙΚΗ ΚΑΙ ΠΟΛΙΤΙΚΗ ΑΓΩΓΗ > ΚΟΙΝΩΝΙΚΗ ΚΑΙ ΠΟΛΙΤΙΚΗ ΑΓΩΓΗ",
    "paper_133": "ΤΟΜΕΑΣ ΜΗΧΑΝΟΛΟΓΙΑΣ > Γ' ΕΠΑ.Λ > ΑΝΕΛΚΥΣΤΗΡΕΣ- ΑΝΥΨΩΤΙΚΕΣ ΜΗΧΑΝΕΣ > ΑΝΕΛΚΥΣΤΗΡΕΣ",
    "paper_137": "Α' Γυμνασίου > ΜΑΘΗΜΑΤΙΚΑ > ΜΑΘΗΜΑΤΙΚΑ",
    "paper_138": "ΤΟΜΕΑΣ ΥΓΕΙΑΣ - ΠΡΟΝΟΙΑΣ - ΕΥΕΞΙΑΣ > Β' ΕΠΑ.Λ > ΑΚΤΙΝΟΤΕΧΝΟΛΟΓΙΑ Ι > ΕΡΓΑΣΤΗΡΙΟ ΑΚΤΙΝΟΤΕΧΝΟΛΟΓΙΑΣ",
    "paper_140": "ΜΑΘΗΜΑΤΑ ΠΡΟΣΑΝΑΤΟΛΙΣΜΟΥ ΑΝΘΡΩΠΙΣΤΙΚΩΝ ΣΠΟΥΔΩΝ > Γ' Λυκείου > ΜΑΘΗΜΑΤΙΚΑ > ΜΑΘΗΜΑΤΙΚΑ - ΣΤΟΙΧΕΙΑ ΠΙΘΑΝΟΤΗΤΩΝ ΚΑΙ ΣΤΑΤΙΣΤΙΚΗΣ",
    "paper_146": "ΤΟΜΕΑΣ ΥΓΕΙΑΣ - ΠΡΟΝΟΙΑΣ - ΕΥΕΞΙΑΣ > Γ' ΕΠΑ.Λ > ΣΤΟΙΧΕΙΑ ΓΕΝΙΚΗΣ & ΕΞΕΛΙΚΤΙΚΗΣ ΨΥΧΟΛΟΓΙΑΣ > ΣΤΟΙΧΕΙΑ ΓΕΝΙΚΗΣ & ΕΞΕΛΙΚΤΙΚΗΣ ΨΥΧΟΛΟΓΙΑΣ",
    "paper_148": "ΤΟΜΕΑΣ ΠΛΗΡΟΦΟΡΙΚΗΣ > Γ' ΕΠΑ.Λ > ΣΧΕΔΙΑΣΜΟΣ ΚΑΙ ΑΝΑΠΤΥΞΗ ΔΙΑΔΙΚΤΥΑΚΩΝ ΕΦΑΡΜΟΓΩΝ > ΣΧΕΔΙΑΣΜΟΣ ΚΑΙ ΑΝΑΠΤΥΞΗ ΔΙΑΔΙΚΤΥΑΚΩΝ ΕΦΑΡΜΟΓΩΝ",
    "paper_152": "ΤΟΜΕΑΣ ΗΛΕΚΤΡΟΛΟΓΙΑΣ, ΗΛΕΚΤΡΟΝΙΚΗΣ ΚΑΙ ΑΥΤΟΜΑΤΙΣΜΟΥ > Γ' ΕΠΑ.Λ > ΨΗΦΙΑΚΑ ΣΥΣΤΗΜΑΤΑ > ΨΗΦΙΑΚΑ ΗΛΕΚΤΡΟΝΙΚΑ (ΜΕΡΟΣ Α' ΘΕΩΡΙΑ)",
    "paper_153": "ΜΑΘΗΜΑΤΑ ΓΕΝΙΚΗΣ ΠΑΙΔΕΙΑΣ > Α' ΕΠΑ.Λ > ΒΙΟΛΟΓΙΑ > ΒΙΟΛΟΓΙΑ",
    "paper_154": "ΤΟΜΕΑΣ ΥΓΕΙΑΣ - ΠΡΟΝΟΙΑΣ - ΕΥΕΞΙΑΣ > Γ' ΕΠΑ.Λ > ΥΓΙΕΙΝΗ ΚΟΜΗΣ ΤΡΙΧΩΤΟΥ ΚΕΦΑΛΗΣ-ΤΟΞΙΚΟΛΟΓΙΑ-ΔΕΡΜΑΤΟΛΟΓΙΑ > ΔΕΡΜΑΤΟΛΟΓΙΑ",
    "paper_157": "ΤΟΜΕΑΣ ΓΕΩΠΟΝΙΑΣ, ΤΡΟΦΙΜΩΝ ΚΑΙ ΠΕΡΙΒΑΛΛΟΝΤΟΣ > Β' ΕΠΑ.Λ > ΣΤΟΙΧΕΙΑ ΓΕΩΡΓΙΚΩΝ ΕΓΚΑΤΑΣΤΑΣΕΩΝ ΚΑΙ ΓΕΩΡΓΙΚΑ ΜΗΧΑΝΗΜΑΤΑ > ΓΕΩΡΓΙΚΕΣ ΕΓΚΑΤΑΣΤΑΣΕΙΣ",
    "paper_158": "Γ' Γυμνασίου > ΘΡΗΣΚΕΥΤΙΚΑ > ΘΡΗΣΚΕΥΤΙΚΑ: Η ΜΑΡΤΥΡΙΑ ΤΗΣ ΟΡΘΟΔΟΞΗΣ ΕΚΚΛΗΣΙΑΣ ΣΤΟΝ ΣΥΓΧΡΟΝΟ ΚΟΣΜΟ",
    "paper_164": "Α' Εκκλησιαστικού Λυκείου > ΒΥΖΑΝΤΙΝΗ ΜΟΥΣΙΚΗ > ΕΚΚΛΗΣΙΑΣΤΙΚΗ ΜΟΥΣΙΚΗ",
    "paper_167": "ΤΟΜΕΑΣ ΥΓΕΙΑΣ - ΠΡΟΝΟΙΑΣ - ΕΥΕΞΙΑΣ > Γ' ΕΠΑ.Λ > ΦΥΣΙΚΑ ΜΕΣΑ ΚΑΙ ΕΦΑΡΜΟΓΗ ΤΟΥΣ > ΗΛΕΚΤΡΟΘΕΡΑΠΕΙΑ Ι",
    "paper_169": "Γ' Εκκλησιαστικού Γυμνασίου > ΠΑΤΕΡΕΣ ΚΑΙ ΘΕΟΛΟΓΟΙ ΤΗΣ ΕΚΚΛΗΣΙΑΣ > ΕΚΚΛΗΣΙΑΣΤΙΚΗ ΙΣΤΟΡΙΑ ΚΑΙ ΠΑΤΕΡΕΣ ΚΑΙ ΘΕΟΛΟΓΟΙ ΤΗΣ ΕΚΚΛΗΣΙΑΣ (ΤΕΥΧΟΣ B΄) - ΠΑΤΕΡΕΣ ΚΑΙ ΘΕΟΛΟΓΟΙ ΤΗΣ ΕΚΚΛΗΣΙΑΣ",
    "paper_170": "Α' Γυμνασίου > ΑΡΧΑΙΑ ΕΛΛΗΝΙΚΑ ΚΕΙΜΕΝΑ ΑΠΟ ΜΕΤΑΦΡΑΣΗ > ΑΡΧΑΙΑ ΕΛΛΗΝΙΚΑ-ΗΡΟΔΟΤΟΥ ΙΣΤΟΡΙΕΣ",
    "paper_171": "ΤΟΜΕΑΣ ΔΙΟΙΚΗΣΗΣ ΚΑΙ ΟΙΚΟΝΟΜΙΑΣ > Β' ΕΠΑ.Λ > ΕΙΣΑΓΩΓΗ ΣΤΗΝ ΕΦΟΔΙΑΣΤΙΚΗ (LOGISTICS) > ΕΙΣΑΓΩΓΗ ΣΤΗΝ ΕΦΟΔΙΑΣΤΙΚΗ (LOGISTICS)",
    "paper_172": "ΤΟΜΕΑΣ ΕΦΑΡΜΟΣΜΕΝΩΝ ΤΕΧΝΩΝ > Γ' ΕΠΑ.Λ > ΣΧΕΔΙΟ ΚΟΣΜΗΜΑΤΟΠΟΙΙΑΣ > ΣΧΕΔΙΟ ΚΟΣΜΗΜΑΤΟΠΟΙΙΑΣ",
    "paper_173": "ΤΟΜΕΑΣ ΔΙΟΙΚΗΣΗΣ ΚΑΙ ΟΙΚΟΝΟΜΙΑΣ > Γ' ΕΠΑ.Λ > ΟΡΓΑΝΩΣΗ ΚΑΙ ΔΙΑΧΕΙΡΙΣΗ ΑΠΟΘΗΚΩΝ > ΟΡΓΑΝΩΣΗ ΚΑΙ ΔΙΑΧΕΙΡΙΣΗ ΑΠΟΘΗΚΩΝ",
    "paper_174": "ΤΟΜΕΑΣ ΔΙΟΙΚΗΣΗΣ ΚΑΙ ΟΙΚΟΝΟΜΙΑΣ > Γ' ΕΠΑ.Λ > ΑΡΧΕΣ ΟΙΚΟΝΟΜΙΚΗΣ ΘΕΩΡΙΑΣ > ΑΡΧΕΣ ΟΙΚΟΝΟΜΙΚΗΣ ΘΕΩΡΙΑΣ",
    "paper_180": "ΜΑΘΗΜΑΤΑ ΓΕΝΙΚΗΣ ΠΑΙΔΕΙΑΣ > Β' Λυκείου > ΒΙΟΛΟΓΙΑ > ΒΙΟΛΟΓΙΑ (ΕΡΓΑΣΤΗΡΙΑΚΟΣ ΟΔΗΓΟΣ)",
    "paper_187": "ΤΟΜΕΑΣ ΝΑΥΤΙΛΙΑΚΩΝ ΕΠΑΓΓΕΛΜΑΤΩΝ > Β' ΕΠΑ.Λ > ΝΑΥΣΙΠΛΟΙΑ Ι - ΝΑΥΤΙΚΗ ΜΕΤΕΩΡΟΛΟΓΙΑ > ΝΑΥΤΙΚΗ ΜΕΤΕΩΡΟΛΟΓΙΑ",
    "paper_188": "ΜΑΘΗΜΑΤΑ ΓΕΝΙΚΗΣ ΠΑΙΔΕΙΑΣ > Α' ΕΠΑ.Λ > ΠΟΛΙΤΙΚΗ ΠΑΙΔΕΙΑ > ΠΟΛΙΤΙΚΗ ΠΑΙΔΕΙΑ",
    "paper_189": "ΤΟΜΕΑΣ ΓΕΩΠΟΝΙΑΣ, ΤΡΟΦΙΜΩΝ ΚΑΙ ΠΕΡΙΒΑΛΛΟΝΤΟΣ > Γ' ΕΠΑ.Λ > ΜΕΤΑΠΟΙΗΣΗ ΦΥΤΙΚΩΝ ΠΡΟΙΟΝΤΩΝ > ΜΕΤΑΠΟΙΗΣΗ ΦΥΤΙΚΩΝ ΠΡΟΪΟΝΤΩΝ",
    "paper_191": "ΤΟΜΕΑΣ ΓΕΩΠΟΝΙΑΣ, ΤΡΟΦΙΜΩΝ ΚΑΙ ΠΕΡΙΒΑΛΛΟΝΤΟΣ > Γ' ΕΠΑ.Λ > ΑΡΧΕΣ ΕΠΕΞΕΡΓΑΣΙΑΣ ΤΡΟΦΙΜΩΝ > ΑΡΧΕΣ ΕΠΕΞΕΡΓΑΣΙΑΣ ΤΡΟΦΙΜΩΝ",
    "paper_194": "Γ' Δημοτικού > ΓΛΩΣΣΑ > ΕΙΚΟΝΟΓΡΑΦΗΜΕΝΟ ΛΕΞΙΚΟ",
    "paper_196": "ΜΑΘΗΜΑΤΑ ΕΠΙΛΟΓΗΣ > Α' ΕΠΑ.Λ > ΑΡΧΕΣ ΜΗΧΑΝΟΛΟΓΙΑΣ > ΕΙΣΑΓΩΓΗ ΣΤΗ ΜΗΧΑΝΟΛΟΓΙΑ",
    "paper_201": "Ε' Δημοτικού > ΓΛΩΣΣΑ > ΑΝΘΟΛΟΓΙΟ ΛΟΓΟΤΕΧΝΙΚΩΝ ΚΕΙΜΕΝΩΝ",
    "paper_202": "ΤΟΜΕΑΣ ΗΛΕΚΤΡΟΛΟΓΙΑΣ, ΗΛΕΚΤΡΟΝΙΚΗΣ ΚΑΙ ΑΥΤΟΜΑΤΙΣΜΟΥ > Γ' ΕΠΑ.Λ > ΡΟΜΠΟΤΙΚΗ > ΣΥΛΛΟΓΗ ΜΕΤΑΦΟΡΑ & ΕΛΕΓΧΟΣ ΔΕΔΟΜΕΝΩΝ (ΜΕΡΟΣ Α' ΘΕΩΡΙΑ)",
    "paper_204": "ΤΟΜΕΑΣ ΥΓΕΙΑΣ - ΠΡΟΝΟΙΑΣ - ΕΥΕΞΙΑΣ > Γ' ΕΠΑ.Λ > ΜΟΥΣΙΚΟΚΙΝΗΤΙΚΗ ΑΓΩΓΗ > ΜΟΥΣΙΚΟΚΙΝΗΤΙΚΗ ΑΓΩΓΗ",
    "paper_205": "ΤΟΜΕΑΣ ΓΕΩΠΟΝΙΑΣ, ΤΡΟΦΙΜΩΝ ΚΑΙ ΠΕΡΙΒΑΛΛΟΝΤΟΣ > Γ' ΕΠΑ.Λ > ΑΡΔΕΥΣΕΙΣ ΚΑΛΛΙΕΡΓΕΙΩΝ > ΕΚΜΗΧΑΝΙΣΗ ΤΗΣ ΓΕΩΡΓΙΑΣ ΚΑΙ ΑΡΔΕΥΣΕΙΣ",
    "paper_206": "ΤΟΜΕΑΣ ΜΗΧΑΝΟΛΟΓΙΑΣ > Β' ΕΠΑ.Λ > ΣΤΟΙΧΕΙΑ ΤΕΧΝΙΚΗΣ ΘΕΡΜΟΔΥΝΑΜΙΚΗΣ – ΕΦΑΡΜΟΓΕΣ > ΕΙΣΑΓΩΓΗ ΣΤΗ ΜΗΧΑΝΟΛΟΓΙΑ",
    "paper_207": "ΤΟΜΕΑΣ ΥΓΕΙΑΣ - ΠΡΟΝΟΙΑΣ - ΕΥΕΞΙΑΣ > Β' ΕΠΑ.Λ > ΕΙΣΑΓΩΓΗ ΣΤΗ ΦΥΣΙΚΟΘΕΡΑΠΕΙΑ Ι > ΦΥΣΙΚΑ ΜΕΣΑ",
    "paper_211": "ΜΑΘΗΜΑΤΑ ΓΕΝΙΚΗΣ ΠΑΙΔΕΙΑΣ > Α' Λυκείου > ΠΟΛΙΤΙΚΗ ΠΑΙΔΕΙΑ > ΠΟΛΙΤΙΚΗ ΠΑΙΔΕΙΑ",
    "paper_212": "ΤΟΜΕΑΣ ΝΑΥΤΙΛΙΑΚΩΝ ΕΠΑΓΓΕΛΜΑΤΩΝ > Γ' ΕΠΑ.Λ > ΒΟΗΘΗΤΙΚΕΣ ΕΓΚΑΤΑΣΤΑΣΕΙΣ ΠΛΟΙΟΥ > ΕΓΚΑΤΑΣΤΑΣΕΙΣ ΨΥΞΗΣ ΙΙ",
    "paper_215": "ΤΟΜΕΑΣ ΔΙΟΙΚΗΣΗΣ ΚΑΙ ΟΙΚΟΝΟΜΙΑΣ > Γ' ΕΠΑ.Λ > ΕΦΑΡΜΟΓΕΣ ΕΦΟΔΙΑΣΤΙΚΗΣ (LOGISTICS) > ΕΦΑΡΜΟΓΕΣ ΕΦΟΔΙΑΣΤΙΚΗΣ",
    "paper_219": "ΤΟΜΕΑΣ ΔΟΜΙΚΩΝ ΕΡΓΩΝ, ΔΟΜΗΜΕΝΟΥ ΠΕΡΙΒΑΛΛΟΝΤΟΣ & ΑΡΧΙΤΕΚΤΟΝΙΚΟΥ ΣΧΕΔΙΑΣΜΟΥ > Β' ΕΠΑ.Λ > ΤΟΠΟΓΡΑΦΙΚΟ ΣΧΕΔΙΟ - ΨΗΦΙΑΚΗ ΧΑΡΤΟΓΡΑΦΙΑ > ΣΧΕΔΙΟ ΤΟΠΟΓΡΑΦΙΚΟ",
    "paper_220": "Α' Γυμνασίου > ΓΛΩΣΣΙΚΗ ΔΙΔΑΣΚΑΛΙΑ > ΕΡΜΗΝΕΥΤΙΚΟ ΛΕΞΙΚΟ ΝΕΑΣ ΕΛΛΗΝΙΚΗΣ Α΄, Β΄, Γ΄",
    "paper_224": "ΤΟΜΕΑΣ ΜΗΧΑΝΟΛΟΓΙΑΣ > Γ' ΕΠΑ.Λ > ΣΥΣΤΗΜΑΤΑ ΕΛΕΓΧΟΥ, ΡΥΘΜΙΣΗΣ ΚΑΙ ΑΥΤΟΜΑΤΙΣΜΟΥ ΕΓΚ/ΣΕΩΝ ΨΥΞΗΣ ΚΑΙ ΚΛΙΜΑΤΙΣΜΟΥ > ΗΛΕΚΤΡΟΛΟΓΙΑ – ΑΥΤΟΜΑΤΙΣΜΟΙ",
    "paper_225": "ΤΟΜΕΑΣ ΥΓΕΙΑΣ - ΠΡΟΝΟΙΑΣ - ΕΥΕΞΙΑΣ > Γ' ΕΠΑ.Λ > ΣΥΓΧΡΟΝΗ ΑΙΣΘΗΤΙΚΗ ΙΙ > ΣΥΓΧΡΟΝΗ ΑΙΣΘΗΤΙΚΗ",
    "paper_226": "ΤΟΜΕΑΣ ΥΓΕΙΑΣ - ΠΡΟΝΟΙΑΣ - ΕΥΕΞΙΑΣ > Γ' ΕΠΑ.Λ > ΑΝΑΤΟΜΙΑ - ΦΥΣΙΟΛΟΓΙΑ ΙΙ > ΑΝΑΤΟΜΙΑ - ΦΥΣΙΟΛΟΓΙΑ (ΠΑΠΑΔΟΠΟΥΛΟΥ)",
    "paper_227": "ΤΟΜΕΑΣ ΕΦΑΡΜΟΣΜΕΝΩΝ ΤΕΧΝΩΝ > Γ' ΕΠΑ.Λ > ΣΥΝΔΕΣΜΟΛΟΓΙΑ ΕΠΙΠΛΟΥ - ΞΥΛΟΓΛΥΠΤΙΚΗ > ΣΥΝΔΕΣΜΟΛΟΓΙΑ",
    "paper_231": "ΤΟΜΕΑΣ ΥΓΕΙΑΣ - ΠΡΟΝΟΙΑΣ - ΕΥΕΞΙΑΣ > Γ' ΕΠΑ.Λ > ΦΑΡΜΑΚΟΛΟΓΙΑ - ΤΟΞΙΚΟΛΟΓΙΑ > ΤΟΞΙΚΟΛΟΓΙΑ",
    "paper_233": "ΤΟΜΕΑΣ ΥΓΕΙΑΣ - ΠΡΟΝΟΙΑΣ - ΕΥΕΞΙΑΣ > Γ' ΕΠΑ.Λ > ΚΛΙΝΙΚΗ ΒΙΟΧΗΜΕΙΑ > ΚΛΙΝΙΚΗ ΒΙΟΧΗΜΕΙΑ ΙΙ",
    "paper_239": "ΤΟΜΕΑΣ ΗΛΕΚΤΡΟΛΟΓΙΑΣ, ΗΛΕΚΤΡΟΝΙΚΗΣ ΚΑΙ ΑΥΤΟΜΑΤΙΣΜΟΥ > Γ' ΕΠΑ.Λ > ΤΗΛΕΠΙΚΟΙΝΩΝΙΕΣ - ΤΗΛΕΜΑΤΙΚΗ > ΑΝΑΛΟΓΙΚΑ ΗΛΕΚΤΡΟΝΙΚΑ (ΜΕΡΟΣ Β' ΕΡΓΑΣΤΗΡΙΟ)",
    "paper_241": "ΤΟΜΕΑΣ ΓΕΩΠΟΝΙΑΣ, ΤΡΟΦΙΜΩΝ ΚΑΙ ΠΕΡΙΒΑΛΛΟΝΤΟΣ > Γ' ΕΠΑ.Λ > ΔΕΝΔΡΟΚΟΜΙΑ - ΑΜΠΕΛΟΥΡΓΙΑ > ΑΜΠΕΛΟΥΡΓΙΑ",
    "paper_252": "ΜΑΘΗΜΑΤΑ ΓΕΝΙΚΗΣ ΠΑΙΔΕΙΑΣ > Β' Λυκείου > ΙΣΤΟΡΙΑ > ΙΣΤΟΡΙΑ ΤΟΥ ΜΕΣΑΙΩΝΙΚΟΥ ΚΑΙ ΝΕΟΤΕΡΟΥ ΚΟΣΜΟΥ",
    "paper_253": "ΤΟΜΕΑΣ ΓΕΩΠΟΝΙΑΣ, ΤΡΟΦΙΜΩΝ ΚΑΙ ΠΕΡΙΒΑΛΛΟΝΤΟΣ > Β' ΕΠΑ.Λ > ΑΡΧΕΣ ΑΡΧΙΤΕΚΤΟΝΙΚΗΣ ΤΟΠΙΟΥ > ΣΤΟΙΧΕΙΑ ΑΡΧΙΤΕΚΤΟΝΙΚΗΣ ΤΟΠΙΟΥ",
    "paper_256": "ΜΑΘΗΜΑΤΑ ΠΡΟΣΑΝΑΤΟΛΙΣΜΟΥ ΘΕΤΙΚΩΝ ΣΠΟΥΔΩΝ > Γ' Λυκείου > ΦΥΣΙΚΗ > ΦΥΣΙΚΗ (ΤΕΥΧΟΣ Β')",
    "paper_259": "Β' Εκκλησιαστικού Γυμνασίου > ΛΕΙΤΟΥΡΓΙΚΗ ΖΩΗ ΤΗΣ ΕΚΚΛΗΣΙΑΣ > ΛΕΙΤΟΥΡΓΙΚΗ ΖΩΗ ΤΗΣ ΕΚΚΛΗΣΙΑΣ",
    "paper_261": "ΤΟΜΕΑΣ ΓΕΩΠΟΝΙΑΣ, ΤΡΟΦΙΜΩΝ ΚΑΙ ΠΕΡΙΒΑΛΛΟΝΤΟΣ > Γ' ΕΠΑ.Λ > ΣΥΓΧΡΟΝΕΣ ΓΕΩΡΓΙΚΕΣ ΕΠΙΧΕΙΡΗΣΕΙΣ > ΣΥΓΧΡΟΝΕΣ ΓΕΩΡΓΙΚΕΣ ΕΠΙΧΕΙΡΗΣΕΙΣ",
    "paper_265": "ΤΟΜΕΑΣ ΔΙΟΙΚΗΣΗΣ ΚΑΙ ΟΙΚΟΝΟΜΙΑΣ > Β' ΕΠΑ.Λ > ΑΡΧΕΣ ΛΟΓΙΣΤΙΚΗΣ > ΑΡΧΕΣ ΛΟΓΙΣΤΙΚΗΣ",
    "paper_269": "ΤΟΜΕΑΣ ΔΟΜΙΚΩΝ ΕΡΓΩΝ, ΔΟΜΗΜΕΝΟΥ ΠΕΡΙΒΑΛΛΟΝΤΟΣ & ΑΡΧΙΤΕΚΤΟΝΙΚΟΥ ΣΧΕΔΙΑΣΜΟΥ > Β' ΕΠΑ.Λ > ΣΧΕΔΙΟ ΔΟΜΙΚΩΝ ΕΡΓΩΝ ΜΕ ΗΛΕΚΤΡΟΝΙΚΟ ΥΠΟΛΟΓΙΣΤΗ > ΣΧΕΔΙΑΣΗ ΜΕΣΩ Η/Υ",
    "paper_274": "ΤΟΜΕΑΣ ΥΓΕΙΑΣ - ΠΡΟΝΟΙΑΣ - ΕΥΕΞΙΑΣ > Γ' ΕΠΑ.Λ > ΑΓΩΓΗ ΒΡΕΦΟΥΣ ΚΑΙ ΝΗΠΙΟΥ > ΑΓΩΓΗ ΠΡΟΣΧΟΛΙΚΗΣ ΗΛΙΚΙΑΣ",
    "paper_275": "ΤΟΜΕΑΣ ΥΓΕΙΑΣ - ΠΡΟΝΟΙΑΣ - ΕΥΕΞΙΑΣ > Β' ΕΠΑ.Λ > ΑΝΑΤΟΜΙΑ - ΦΥΣΙΟΛΟΓΙΑ Ι > ΑΝΑΤΟΜΙΑ - ΦΥΣΙΟΛΟΓΙΑ",
    "paper_276": "Β' Γυμνασίου > ΑΡΧΑΙΑ ΕΛΛΗΝΙΚΑ ΚΕΙΜΕΝΑ ΑΠΟ ΜΕΤΑΦΡΑΣΗ > ΑΡΧΑΙΑ ΕΛΛΗΝΙΚΑ: ΑΡΧΑΙΑ ΕΛΛΑΔΑ Ο ΤΟΠΟΣ ΚΑΙ ΟΙ ΑΝΘΡΩΠΟΙ (ΑΝΘΟΛΟΓΙΟ)",
    "paper_277": "ΤΟΜΕΑΣ ΔΙΟΙΚΗΣΗΣ ΚΑΙ ΟΙΚΟΝΟΜΙΑΣ > Γ' ΕΠΑ.Λ > ΕΦΑΡΜΟΓΕΣ ΣΤΟΝ ΤΟΥΡΙΣΜΟ > ΕΦΑΡΜΟΓΕΣ Η/Υ ΣΤΟΝ ΤΟΥΡΙΣΜΟ Β",
    "paper_281": "ΤΟΜΕΑΣ ΔΟΜΙΚΩΝ ΕΡΓΩΝ, ΔΟΜΗΜΕΝΟΥ ΠΕΡΙΒΑΛΛΟΝΤΟΣ & ΑΡΧΙΤΕΚΤΟΝΙΚΟΥ ΣΧΕΔΙΑΣΜΟΥ > Β' ΕΠΑ.Λ > ΚΤΙΡΙΑΚΑ ΕΡΓΑ ΚΑΙ ΔΟΜΙΚΑ ΥΛΙΚΑ > ΨΗΦΙΑΚΗ ΧΑΡΤΟΓΡΑΦΙΑ",
    "paper_282": "ΤΟΜΕΑΣ ΥΓΕΙΑΣ - ΠΡΟΝΟΙΑΣ - ΕΥΕΞΙΑΣ > Γ' ΕΠΑ.Λ > ΒΑΣΙΚΕΣ ΕΦΑΡΜΟΓΕΣ ΚΟΜΜΩΤΙΚΗΣ ΙΙ (Β΄ ΜΕΡΟΣ) > ΕΡΓΑΣΤΗΡΙΟ ΚΟΜΜΩΤΙΚΗΣ Ι",
    "paper_286": "ΜΑΘΗΜΑΤΑ ΓΕΝΙΚΗΣ ΠΑΙΔΕΙΑΣ > Β' Λυκείου > ΘΡΗΣΚΕΥΤΙΚΑ > ΘΡΗΣΚΕΥΤΙΚΑ: ΧΡΙΣΤΙΑΝΙΣΜΟΣ ΚΑΙ ΘΡΗΣΚΕΥΜΑΤΑ",
    "paper_287": "ΤΟΜΕΑΣ ΔΟΜΙΚΩΝ ΕΡΓΩΝ, ΔΟΜΗΜΕΝΟΥ ΠΕΡΙΒΑΛΛΟΝΤΟΣ & ΑΡΧΙΤΕΚΤΟΝΙΚΟΥ ΣΧΕΔΙΑΣΜΟΥ > Γ' ΕΠΑ.Λ > ΟΡΓΑΝΩΣΗ ΤΕΧΝΙΚΩΝ ΕΡΓΩΝ > ΕΠΙΜΕΤΡΗΣΕΙΣ - ΠΡΟΜΕΤΡΗΣΕΙΣ",
    "paper_289": "ΤΟΜΕΑΣ ΓΕΩΠΟΝΙΑΣ, ΤΡΟΦΙΜΩΝ ΚΑΙ ΠΕΡΙΒΑΛΛΟΝΤΟΣ > Β' ΕΠΑ.Λ > ΖΩΙΚΗ ΠΑΡΑΓΩΓΗ > ΖΩΙΚΗ ΠΑΡΑΓΩΓΗ",
    "paper_291": "ΜΑΘΗΜΑΤΑ ΠΡΟΣΑΝΑΤΟΛΙΣΜΟΥ > Α' ΕΠΑ.Λ > ΣΧΟΛΙΚΟΣ ΕΠΑΓΓΕΛΜΑΤΙΚΟΣ ΠΡΟΣΑΝΑΤΟΛΙΣΜΟΣ - ΑΣΦΑΛΕΙΑ & ΥΓΕΙΑ ΣΤΟ ΧΩΡΟ ΕΡΓΑΣΙΑΣ > ΣΕΠ",
    "paper_298": "ΤΟΜΕΑΣ ΔΟΜΙΚΩΝ ΕΡΓΩΝ, ΔΟΜΗΜΕΝΟΥ ΠΕΡΙΒΑΛΛΟΝΤΟΣ & ΑΡΧΙΤΕΚΤΟΝΙΚΟΥ ΣΧΕΔΙΑΣΜΟΥ > Β' ΕΠΑ.Λ > ΟΙΚΟΔΟΜΙΚΟ ΣΧΕΔΙΟ > ΑΡΧΙΤΕΚΤΟΝΙΚΟ ΣΧΕΔΙΟ - ΚΤΙΡ. ΕΡΓ.",
    "paper_299": "ΤΟΜΕΑΣ ΔΙΟΙΚΗΣΗΣ ΚΑΙ ΟΙΚΟΝΟΜΙΑΣ > Γ' ΕΠΑ.Λ > ΑΡΧΕΣ ΟΡΓΑΝΩΣΗΣ ΚΑΙ ΔΙΟΙΚΗΣΗΣ > ΑΡΧΕΣ ΟΡΓΑΝΩΣΗΣ & ΔΙΟΙΚΗΣΗΣ ΕΠΙΧ/ΣΕΩΝ",
    "paper_302": "ΤΟΜΕΑΣ ΠΛΗΡΟΦΟΡΙΚΗΣ > Γ' ΕΠΑ.Λ > ΕΙΔΙΚΑ ΘΕΜΑΤΑ ΣΤΟΝ ΠΡΟΓΡΑΜΜΑΤΙΣΜΟ ΥΠΟΛΟΓΙΣΤΩΝ > ΕΙΔΙΚΑ ΘΕΜΑΤΑ ΣΤΟΝ ΠΡΟΓΡΑΜΜΑΤΙΣΜΟ ΥΠΟΛΟΓΙΣΤΩΝ",
    "paper_307": "ΤΟΜΕΑΣ ΥΓΕΙΑΣ - ΠΡΟΝΟΙΑΣ - ΕΥΕΞΙΑΣ > Γ' ΕΠΑ.Λ > ΜΙΚΡΟΒΙΟΛΟΓΙΑ ΙΙ > ΜΙΚΡΟΒΙΟΛΟΓΙΑ ΙΙ",
    "paper_308": "ΤΟΜΕΑΣ ΔΙΟΙΚΗΣΗΣ ΚΑΙ ΟΙΚΟΝΟΜΙΑΣ > Γ' ΕΠΑ.Λ > ΔΙΑΦΗΜΙΣΗ (ΕΙΣΑΓΩΓΗ, ΔΗΜΙΟΥΡΓΙΑ ΚΑΙ ΠΡΟΒΟΛΗ) > ΕΙΣΑΓΩΓΗ ΣΤΗ ΔΙΑΦΗΜΙΣΗ",
    "paper_309": "ΤΟΜΕΑΣ ΓΕΩΠΟΝΙΑΣ, ΤΡΟΦΙΜΩΝ ΚΑΙ ΠΕΡΙΒΑΛΛΟΝΤΟΣ > Β' ΕΠΑ.Λ > ΤΕΧΝΟΛΟΓΙΑ ΤΡΟΦΙΜΩΝ > ΕΙΣΑΓΩΓΗ ΣΤΗΝ ΤΕΧΝΟΛΟΓΙΑ ΤΡΟΦΙΜΩΝ",
    "paper_310": "Α' Δημοτικού > ΓΛΩΣΣΑ > ΕΙΚΟΝΟΓΡΑΦΗΜΕΝΟ ΛΕΞΙΚΟ",
    "paper_311": "ΤΟΜΕΑΣ ΥΓΕΙΑΣ - ΠΡΟΝΟΙΑΣ - ΕΥΕΞΙΑΣ > Γ' ΕΠΑ.Λ > ΣΤΟΙΧΕΙΑ ΠΑΘΟΛΟΓΙΑΣ > ΣΤΟΙΧΕΙΑ ΠΑΘΟΛΟΓΙΑΣ",
    "paper_312": "ΜΑΘΗΜΑΤΑ ΓΕΝΙΚΗΣ ΠΑΙΔΕΙΑΣ > Α' Λυκείου > ΑΛΓΕΒΡΑ > ΑΛΓΕΒΡΑ ΚΑΙ ΣΤΟΙΧΕΙΑ ΠΙΘΑΝΟΤΗΤΩΝ",
    "paper_314": "ΤΟΜΕΑΣ ΥΓΕΙΑΣ - ΠΡΟΝΟΙΑΣ - ΕΥΕΞΙΑΣ > Β' ΕΠΑ.Λ > ΜΙΚΡΟΒΙΟΛΟΓΙΑ Ι > ΜΙΚΡΟΒΙΟΛΟΓΙΑ Ι",
    "paper_315": "ΤΟΜΕΑΣ ΕΦΑΡΜΟΣΜΕΝΩΝ ΤΕΧΝΩΝ > Γ' ΕΠΑ.Λ > ΤΕΧΝΟΛΟΓΙΑ ΕΚΤΥΠΩΣΕΩΝ > ΤΕΧΝΟΛΟΓΙΑ ΕΚΤΥΠΩΣΕΩΝ",
    "paper_318": "ΤΟΜΕΑΣ ΓΕΩΠΟΝΙΑΣ, ΤΡΟΦΙΜΩΝ ΚΑΙ ΠΕΡΙΒΑΛΛΟΝΤΟΣ > Γ' ΕΠΑ.Λ > ΔΙΑΤΡΟΦΗ ΑΓΡΟΤΙΚΩΝ ΖΩΩΝ > ΔΙΑΤΡΟΦΗ ΑΓΡΟΤΙΚΩΝ ΖΩΩΝ",
    "paper_321": "ΤΟΜΕΑΣ ΕΦΑΡΜΟΣΜΕΝΩΝ ΤΕΧΝΩΝ > Β' ΕΠΑ.Λ > ΦΩΤΟΓΡΑΦΙΑ ΚΑΙ ΗΛΕΚΤΡΟΝΙΚΗ ΕΠΕΞΕΡΓΑΣΙΑ ΕΙΚΟΝΑΣ > ΕΦΑΡΜΟΓΕΣ ΗΛΕΚΤΡΟΝΙΚΟΥ ΥΠΟΛΟΓΙΣΤΗ",
    "paper_323": "ΜΑΘΗΜΑΤΑ ΠΡΟΣΑΝΑΤΟΛΙΣΜΟΥ > Α' ΕΠΑ.Λ > ΕΡΕΥΝΗΤΙΚΗ ΕΡΓΑΣΙΑ ΣΤΗΝ ΤΕΧΝΟΛΟΓΙΑ > ΤΕΧΝΟΛΟΓΙΑ",
    "paper_324": "ΤΟΜΕΑΣ ΕΦΑΡΜΟΣΜΕΝΩΝ ΤΕΧΝΩΝ > Γ' ΕΠΑ.Λ > ΤΕΧΝΟΛΟΓΙΑ ΠΡΟΤΥΠΩΝ ΚΟΠΗΣ (ΠΑΤΡΟΝ) > ΤΕΧΝΟΛΟΓΙΑ ΠΡΟΤΥΠΩΝ ΚΟΠΗΣ (ΠΑΤΡΟΝ) ΙΙ",
    "paper_329": "ΤΟΜΕΑΣ ΓΕΩΠΟΝΙΑΣ, ΤΡΟΦΙΜΩΝ ΚΑΙ ΠΕΡΙΒΑΛΛΟΝΤΟΣ > Γ' ΕΠΑ.Λ > ΣΥΝΤΗΡΗΣΗ ΚΗΠΟΤΕΧΝΙΚΩΝ ΕΦΑΡΜΟΓΩΝ > ΣΥΝΤΗΡΗΣΗ ΚΗΠΟΤΕΧΝΙΚΩΝ ΕΦΑΡΜΟΓΩΝ",
    "paper_330": "ΤΟΜΕΑΣ ΔΙΟΙΚΗΣΗΣ ΚΑΙ ΟΙΚΟΝΟΜΙΑΣ > Γ' ΕΠΑ.Λ > ΕΠΙΚΟΙΝΩΝΙΑ ΚΑΙ ΔΗΜΟΣΙΕΣ ΣΧΕΣΕΙΣ > ΔΗΜΟΣΙΕΣ ΣΧΕΣΕΙΣ",
    "paper_332": "ΜΑΘΗΜΑΤΑ ΕΠΙΛΟΓΗΣ > Α' ΕΠΑ.Λ > ΑΡΧΕΣ ΟΙΚΟΝΟΜΙΑΣ > ΑΡΧΕΣ ΟΙΚΟΝΟΜΙΑΣ",
    "paper_333": "ΜΑΘΗΜΑΤΑ ΓΕΝΙΚΗΣ ΠΑΙΔΕΙΑΣ > Β' ΕΠΑ.Λ > ΘΡΗΣΚΕΥΤΙΚΑ > ΘΡΗΣΚΕΥΤΙΚΑ: ΧΡΙΣΤΙΑΝΙΣΜΟΣ ΚΑΙ ΘΡΗΣΚΕΥΜΑΤΑ",
    "paper_334": "ΤΟΜΕΑΣ ΜΗΧΑΝΟΛΟΓΙΑΣ > Β' ΕΠΑ.Λ > ΣΧΕΔΙΑΣΜΟΣ ΚΑΙ ΠΕΡΙΓΡΑΦΗ ΣΤΟΙΧΕΙΩΝ ΜΗΧΑΝΩΝ > ΣΤΟΙΧΕΙΑ ΜΗΧΑΝΩΝ – ΣΧΕΔΙΟ",
    "paper_337": "Α' Γυμνασίου > ΦΥΣΙΚΗ ΑΓΩΓΗ > ΦΥΣΙΚΗ ΑΓΩΓΗ",
    "paper_338": "ΤΟΜΕΑΣ ΕΦΑΡΜΟΣΜΕΝΩΝ ΤΕΧΝΩΝ > Γ' ΕΠΑ.Λ > ΑΝΤΙΓΡΑΦΟ ΕΡΓΩΝ ΤΕΧΝΗΣ > ΑΝΤΙΓΡΑΦΟ – ΑΙΣΘΗΤΙΚΗ ΑΠΟΚΑΤΑΣΤΑΣΗ",
    "paper_340": "ΤΟΜΕΑΣ ΗΛΕΚΤΡΟΛΟΓΙΑΣ, ΗΛΕΚΤΡΟΝΙΚΗΣ ΚΑΙ ΑΥΤΟΜΑΤΙΣΜΟΥ > Γ' ΕΠΑ.Λ > ΕΓΚΑΤΑΣΤΑΣΗ ΚΑΙ ΔΙΑΧΕΙΡΙΣΗ ΔΙΚΤΥΩΝ-ΣΥΝΤΗΡΗΣΗ ΥΠΟΛΟΓΙΣΤΙΚΩΝ ΣΥΣΤΗΜΑΤΩΝ > ΤΕΧΝΟΛΟΓΙΕΣ ΔΙΑΔΙΚΤΥΟΥ (INTERNET)",
    "paper_341": "ΤΟΜΕΑΣ ΕΦΑΡΜΟΣΜΕΝΩΝ ΤΕΧΝΩΝ > Γ' ΕΠΑ.Λ > ΣΧΕΔΙΑΣΤΙΚΗ ΤΕΚΜΗΡΙΩΣΗ ΕΡΓΩΝ ΤΕΧΝΗΣ > ΕΦΑΡΜΟΓΕΣ Η/Υ",
    "paper_344": "ΤΟΜΕΑΣ ΕΦΑΡΜΟΣΜΕΝΩΝ ΤΕΧΝΩΝ > Γ' ΕΠΑ.Λ > ΠΡΟΣΤΑΣΙΑ ΠΟΛΙΤΙΣΤΙΚΗΣ ΚΛΗΡΟΝΟΜΙΑΣ > ΠΡΟΣΤΑΣΙΑ ΠΟΛΙΤΙΣΤΙΚΗΣ ΚΛΗΡΟΝΟΜΙΑΣ",
    "paper_345": "ΜΑΘΗΜΑΤΑ ΠΡΟΣΑΝΑΤΟΛΙΣΜΟΥ ΣΠΟΥΔΩΝ ΥΓΕΙΑΣ > Γ' Λυκείου > ΦΥΣΙΚΗ > ΦΥΣΙΚΗ (ΤΕΥΧΟΣ Β')",
    "paper_349": "ΤΟΜΕΑΣ ΜΗΧΑΝΟΛΟΓΙΑΣ > Γ' ΕΠΑ.Λ > ΣΤΟΙΧΕΙΑ ΨΥΞΗΣ - ΚΛΙΜΑΤΙΣΜΟΥ (ΕΡΓΑΣΤΗΡΙΟ) > ΕΓΚΑΤΑΣΤΑΣΕΙΣ ΨΥΞΗΣ ΙΙ",
    "paper_350": "ΤΟΜΕΑΣ ΔΟΜΙΚΩΝ ΕΡΓΩΝ, ΔΟΜΗΜΕΝΟΥ ΠΕΡΙΒΑΛΛΟΝΤΟΣ & ΑΡΧΙΤΕΚΤΟΝΙΚΟΥ ΣΧΕΔΙΑΣΜΟΥ > Γ' ΕΠΑ.Λ > ΕΦΑΡΜΟΓΕΣ ΓΕΩΠΛΗΡΟΦΟΡΙΚΗΣ ΣΤΑ ΤΕΧΝΙΚΑ ΕΡΓΑ > ΕΦΑΡΜΟΓΕΣ ΓΕΩΠΛΗΡΟΦΟΡΙΚΗΣ ΣΤΑ ΤΕΧΝΙΚΑ ΕΡΓΑ",
    "paper_353": "ΤΟΜΕΑΣ ΕΦΑΡΜΟΣΜΕΝΩΝ ΤΕΧΝΩΝ > Γ' ΕΠΑ.Λ > ΕΛΕΥΘΕΡΟ ΣΧΕΔΙΟ - ΧΡΩΜΑ > ΕΛΕΥΘΕΡΟ ΣΧΕΔΙΟ - ΧΡΩΜΑ",
    "paper_361": "ΤΟΜΕΑΣ ΥΓΕΙΑΣ - ΠΡΟΝΟΙΑΣ - ΕΥΕΞΙΑΣ > Γ' ΕΠΑ.Λ > ΣΤΟΙΧΕΙΑ ΟΡΘΟΔΟΝΤΙΚΗΣ > ΣΤΟΙΧΕΙΑ ΟΡΘΟΔΟΝΤΙΚΗΣ",
    "paper_362": "ΤΟΜΕΑΣ ΗΛΕΚΤΡΟΛΟΓΙΑΣ, ΗΛΕΚΤΡΟΝΙΚΗΣ ΚΑΙ ΑΥΤΟΜΑΤΙΣΜΟΥ > Γ' ΕΠΑ.Λ > ΗΛΕΚΤΡΟΛΟΓΙΚΕΣ ΕΓΚΑΤΑΣΤΑΣΕΙΣ ΙΙ > ΕΙΔΙΚΕΣ ΗΛΕΚΤΡΙΚΕΣ ΕΓΚΑΤΑΣΤΑΣΕΙΣ (ΤΕΥΧΟΣ Β')",
    "paper_364": "ΤΟΜΕΑΣ ΕΦΑΡΜΟΣΜΕΝΩΝ ΤΕΧΝΩΝ > Γ' ΕΠΑ.Λ > ΞΥΛΙΝΕΣ ΚΑΤΑΣΚΕΥΕΣ > ΕΠΕΞΕΡΓΑΣΙΑ ΕΠΙΦΑΝΕΙΩΝ ΙΙ",
    "paper_365": "ΤΟΜΕΑΣ ΕΦΑΡΜΟΣΜΕΝΩΝ ΤΕΧΝΩΝ > Γ' ΕΠΑ.Λ > ΒΑΣΙΚΕΣ ΤΕΧΝΙΚΕΣ ΣΥΝΤΗΡΗΣΗΣ ΕΡΓΩΝ ΤΕΧΝΗΣ > ΣΥΝΤΗΡΗΣΗ ΕΡΓΩΝ ΤΕΧΝΗΣ (ΤΕΥΧΟΣ Α')",
    "paper_369": "ΤΟΜΕΑΣ ΜΗΧΑΝΟΛΟΓΙΑΣ > Γ' ΕΠΑ.Λ > ΥΔΡΕΥΣΗ – ΑΠΟΧΕΤΕΥΣΗ > ΎΔΡΕΥΣΗ – ΑΠΟΧΕΤΕΥΣΗ",
    "paper_370": "ΤΟΜΕΑΣ ΥΓΕΙΑΣ - ΠΡΟΝΟΙΑΣ - ΕΥΕΞΙΑΣ > Γ' ΕΠΑ.Λ > ΤΕΧΝΟΛΟΓΙΑ ΥΛΙΚΩΝ > ΤΕΧΝΟΛΟΓΙΑ ΥΛΙΚΩΝ ΑΙΣΘΗΤΙΚΗΣ - ΚΟΜΜΩΤΙΚΗΣ",
    "paper_371": "ΤΟΜΕΑΣ ΔΙΟΙΚΗΣΗΣ ΚΑΙ ΟΙΚΟΝΟΜΙΑΣ > Γ' ΕΠΑ.Λ > ΣΥΓΧΡΟΝΟ ΠΕΡΙΒΑΛΛΟΝ ΓΡΑΦΕΙΟΥ > ΕΡΓΑΣΙΕΣ ΤΟΥ ΣΥΓΧΡΟΝΟΥ ΓΡΑΦΕΙΟΥ",
    "paper_374": "ΤΟΜΕΑΣ ΔΟΜΙΚΩΝ ΕΡΓΩΝ, ΔΟΜΗΜΕΝΟΥ ΠΕΡΙΒΑΛΛΟΝΤΟΣ & ΑΡΧΙΤΕΚΤΟΝΙΚΟΥ ΣΧΕΔΙΑΣΜΟΥ > Β' ΕΠΑ.Λ > ΔΟΜΗΜΕΝΟ ΠΕΡΙΒΑΛΛΟΝ ΚΑΙ ΠΟΛΕΟΔΟΜΙΚΕΣ ΕΦΑΡΜΟΓΕΣ > ΑΡΧΙΤΕΚΤΟΝΙΚΟ ΣΧΕΔΙΟ (ΠΟΛΕΟΔΟΜΙΑ & ΑΡΧΙΤΕΚΤΟΝΙΚΕΣ ΛΕΠΤ.)",
    "paper_375": "ΣΤ' Δημοτικού > ΓΕΩΓΡΑΦΙΑ > ΓΕΩΓΡΑΦΙΑ",
    "paper_378": "ΤΟΜΕΑΣ ΕΦΑΡΜΟΣΜΕΝΩΝ ΤΕΧΝΩΝ > Γ' ΕΠΑ.Λ > ΔΙΑΚΟΣΜΗΤΙΚΗ ΣΥΝΘΕΣΗ - ΤΡΙΣΔΙΑΣΤΑΤΗ ΜΑΚΕΤΑ > ΔΙΑΚΟΣΜΗΤΙΚΗ ΣΥΝΘΕΣΗ – ΜΑΚΕΤΑ",
    "paper_380": "Α' Εκκλησιαστικού Γυμνασίου > ΒΥΖΑΝΤΙΝΗ ΜΟΥΣΙΚΗ > ΕΚΚΛΗΣΙΑΣΤΙΚΗ ΜΟΥΣΙΚΗ",
    "paper_382": "ΤΟΜΕΑΣ ΜΗΧΑΝΟΛΟΓΙΑΣ > Γ' ΕΠΑ.Λ > ΤΕΧΝΟΛΟΓΙΑ ΕΛΕΓΧΩΝ ΚΑΙ ΔΙΑΓΝΩΣΕΩΝ > ΣΥΣΤΗΜΑΤΑ ΕΛΕΓΧΟΥ & ΑΥΤΟΜΑΤΙΣΜΩΝ ΑΥΤΟΚΙΝΗΤΟΥ (ΕΡΓΑΣΤΗΡΙΟ)",
    "paper_383": "ΤΟΜΕΑΣ ΥΓΕΙΑΣ - ΠΡΟΝΟΙΑΣ - ΕΥΕΞΙΑΣ > Β' ΕΠΑ.Λ > ΒΑΣΙΚΕΣ ΕΦΑΡΜΟΓΕΣ ΚΟΜΜΩΤΙΚΗΣ Ι > ΕΡΓΑΣΤΗΡΙΟ ΚΟΜΜΩΤΙΚΗΣ Ι",
    "paper_389": "ΜΑΘΗΜΑΤΑ ΓΕΝΙΚΗΣ ΠΑΙΔΕΙΑΣ > Γ' ΕΠΑ.Λ > ΕΙΣΑΓΩΓΗ ΣΤΙΣ ΑΡΧΕΣ ΤΗΣ ΕΠΙΣΤΗΜΗΣ ΤΩΝ Η/Υ > ΕΙΣΑΓΩΓΗ ΣΤΙΣ ΑΡΧΕΣ ΤΗΣ ΕΠΙΣΤΗΜΗΣ ΤΩΝ Η/Υ",
    "paper_393": "ΜΑΘΗΜΑΤΑ ΓΕΝΙΚΗΣ ΠΑΙΔΕΙΑΣ > Α' ΕΠΑ.Λ > ΘΡΗΣΚΕΥΤΙΚΑ > ΘΡΗΣΚΕΥΤΙΚΑ: ΟΡΘΟΔΟΞΗ ΠΙΣΤΗ ΚΑΙ ΛΑΤΡΕΙΑ",
    "paper_394": "ΤΟΜΕΑΣ ΔΙΟΙΚΗΣΗΣ ΚΑΙ ΟΙΚΟΝΟΜΙΑΣ > Β' ΕΠΑ.Λ > ΕΙΣΑΓΩΓΗ ΣΤΟ ΜΑΡΚΕΤΙΝΓΚ > ΑΡΧΕΣ MARKETING",
    "paper_396": "ΤΟΜΕΑΣ ΥΓΕΙΑΣ - ΠΡΟΝΟΙΑΣ - ΕΥΕΞΙΑΣ > Γ' ΕΠΑ.Λ > ΚΟΣΜΗΤΟΛΟΓΙΑ > ΚΟΣΜΗΤΟΛΟΓΙΑ",
    "paper_397": "ΤΟΜΕΑΣ ΔΙΟΙΚΗΣΗΣ ΚΑΙ ΟΙΚΟΝΟΜΙΑΣ > Γ' ΕΠΑ.Λ > ΟΡΓΑΝΩΣΗ ΚΑΙ ΛΕΙΤΟΥΡΓΙΑ ΞΕΝΟΔΟΧΕΙΑΚΩΝ ΕΠΙΧΕΙΡΗΣΕΩΝ > ΛΕΙΤΟΥΡΓΙΕΣ ΞΕΝΟΔΟΧΕΙΑΚΩΝ ΜΟΝΑΔΩΝ",
    "paper_400": "ΤΟΜΕΑΣ ΠΛΗΡΟΦΟΡΙΚΗΣ > Β' ΕΠΑ.Λ > ΥΛΙΚΟ ΚΑΙ ΔΙΚΤΥΑ ΥΠΟΛΟΓΙΣΤΩΝ > ΥΛΙΚΟ ΚΑΙ ΔΙΚΤΥΑ ΥΠΟΛΟΓΙΣΤΩΝ",
    "paper_403": "ΜΑΘΗΜΑΤΑ ΓΕΝΙΚΗΣ ΠΑΙΔΕΙΑΣ > Α' Λυκείου > ΕΦΑΡΜΟΓΕΣ ΠΛΗΡΟΦΟΡΙΚΗΣ > ΕΦΑΡΜΟΓΕΣ ΠΛΗΡΟΦΟΡΙΚΗΣ - ΥΠΟΛΟΓΙΣΤΩΝ",
    "paper_412": "ΤΟΜΕΑΣ ΥΓΕΙΑΣ - ΠΡΟΝΟΙΑΣ - ΕΥΕΞΙΑΣ > Γ' ΕΠΑ.Λ > ΑΝΟΣΟΛΟΓΙΑ > ΑΝΟΣΟΛΟΓΙΑ",
    "paper_415": "ΜΑΘΗΜΑΤΑ ΠΡΟΣΑΝΑΤΟΛΙΣΜΟΥ ΑΝΘΡΩΠΙΣΤΙΚΩΝ ΣΠΟΥΔΩΝ > Β' Λυκείου > ΑΡΧΑΙΑ ΕΛΛΗΝΙΚΗ ΓΛΩΣΣΑ ΚΑΙ ΓΡΑΜΜΑΤΕΙΑ > ΣΥΝΤΑΚΤΙΚΟ ΤΗΣ ΑΡΧΑΙΑΣ ΕΛΛΗΝΙΚΗΣ",
    "paper_417": "ΤΟΜΕΑΣ ΜΗΧΑΝΟΛΟΓΙΑΣ > Γ' ΕΠΑ.Λ > ΜΗΧΑΝΟΛΟΓΙΚΗ ΣΧΕΔΙΑΣΗ ΕΓΚ/ΣΕΩΝ ΨΥΞΗΣ ΚΑΙ ΚΛΙΜΑΤΙΣΜΟΥ > ΣΧΕΔΙΟ ΕΙΔΙΚΟΤΗΤΑΣ - ΨΥΚΤ. ΕΓΚΑΤ. (ΤΕΥΧΟΣ Α)",
    "paper_419": "ΤΟΜΕΑΣ ΓΕΩΠΟΝΙΑΣ, ΤΡΟΦΙΜΩΝ ΚΑΙ ΠΕΡΙΒΑΛΛΟΝΤΟΣ > Γ' ΕΠΑ.Λ > ΦΥΤΑ ΜΕΓΑΛΗΣ ΚΑΛΛΙΕΡΓΕΙΑΣ - ΚΗΠΕΥΤΙΚΕΣ ΚΑΛΛΙΕΡΓΕΙΕΣ > ΦΥΤΑ ΜΕΓΑΛΗΣ ΚΑΛΛΙΕΡΓΕΙΑΣ",
    "paper_421": "ΤΟΜΕΑΣ ΔΟΜΙΚΩΝ ΕΡΓΩΝ, ΔΟΜΗΜΕΝΟΥ ΠΕΡΙΒΑΛΛΟΝΤΟΣ & ΑΡΧΙΤΕΚΤΟΝΙΚΟΥ ΣΧΕΔΙΑΣΜΟΥ > Γ' ΕΠΑ.Λ > ΟΙΚΟΔΟΜΙΚΗ > ΟΙΚΟΔΟΜΙΚΗ",
    "paper_424": "ΤΟΜΕΑΣ ΗΛΕΚΤΡΟΛΟΓΙΑΣ, ΗΛΕΚΤΡΟΝΙΚΗΣ ΚΑΙ ΑΥΤΟΜΑΤΙΣΜΟΥ > Β' ΕΠΑ.Λ > ΕΣΩΤΕΡΙΚΕΣ ΗΛΕΚΤΡΙΚΕΣ ΕΓΚΑΤΑΣΤΑΣΕΙΣ & ΗΛΕΚΤΡΟΛΟΓΙΚΟ ΣΧΕΔΙΟ > ΣΤΟΙΧΕΙΑ ΕΣΩΤΕΡΙΚΩΝ ΗΛ/ΚΩΝ ΕΓΚΑΤΑΣΤΑΣΕΩΝ & ΗΛ/ΚΟΥ ΣΧΕΔΙΟΥ",
    "paper_430": "Β' Γυμνασίου > ΤΕΧΝΟΛΟΓΙΑ > ΤΕΧΝΟΛΟΓΙΑ",
    "paper_434": "Ε' Δημοτικού > ΦΥΣΙΚΑ > ΦΥΣΙΚΑ",
    "paper_435": "ΤΟΜΕΑΣ ΔΟΜΙΚΩΝ ΕΡΓΩΝ, ΔΟΜΗΜΕΝΟΥ ΠΕΡΙΒΑΛΛΟΝΤΟΣ & ΑΡΧΙΤΕΚΤΟΝΙΚΟΥ ΣΧΕΔΙΑΣΜΟΥ > Γ' ΕΠΑ.Λ > ΣΧΕΔΙΟ ΔΟΜΙΚΩΝ ΕΡΓΩΝ ΜΕ ΧΡΗΣΗ Η/Υ ΙΙ > Ο Η/Υ ΣΤΟ ΧΩΡΟ ΤΩΝ ΚΑΤΑΣΚΕΥΩΝ",
    "paper_437": "ΤΟΜΕΑΣ ΔΟΜΙΚΩΝ ΕΡΓΩΝ, ΔΟΜΗΜΕΝΟΥ ΠΕΡΙΒΑΛΛΟΝΤΟΣ & ΑΡΧΙΤΕΚΤΟΝΙΚΟΥ ΣΧΕΔΙΑΣΜΟΥ > Β' ΕΠΑ.Λ > ΤΟΠΟΓΡΑΦΙΑ > ΤΟΠΟΓΡΑΦΙΑ",
    "paper_438": "ΤΟΜΕΑΣ ΕΦΑΡΜΟΣΜΕΝΩΝ ΤΕΧΝΩΝ > Β' ΕΠΑ.Λ > ΕΙΣΑΓΩΓΗ ΣΤΙΣ ΞΥΛΙΝΕΣ ΚΑΤΑΣΚΕΥΕΣ > ΕΠΕΞΕΡΓΑΣΙΑ ΕΠΙΦΑΝΕΙΩΝ ΙΙ",
    "paper_439": "ΜΑΘΗΜΑΤΑ ΓΕΝΙΚΗΣ ΠΑΙΔΕΙΑΣ > Β' Λυκείου > ΦΙΛΟΣΟΦΙΑ > ΑΡΧΕΣ ΦΙΛΟΣΟΦΙΑΣ",
    "paper_442": "ΤΟΜΕΑΣ ΗΛΕΚΤΡΟΛΟΓΙΑΣ, ΗΛΕΚΤΡΟΝΙΚΗΣ ΚΑΙ ΑΥΤΟΜΑΤΙΣΜΟΥ > Β' ΕΠΑ.Λ > ΗΛΕΚΤΡΟΤΕΧΝΙΑ (ΚΥΚΛΩΜΑΤΑ ΣΥΝΕΧΟΥΣ ΚΑΙ ΕΝΑΛΛΑΣΣΟΜΕΝΟΥ ΡΕΥΜΑΤΟΣ) > ΚΥΚΛ. ΣΥΝΕΧΟΥΣ ΚΑΙ ΕΝΑΛΛ/ΝΟΥ ΡΕΥΜΑΤΟΣ (ΜΕΡΟΣ Β' ΕΡΓΑΣΤΗΡΙΟ)",
    "paper_445": "ΤΟΜΕΑΣ ΥΓΕΙΑΣ - ΠΡΟΝΟΙΑΣ - ΕΥΕΞΙΑΣ > Γ' ΕΠΑ.Λ > ΜΑΛΑΞΗ > ΜΑΛΑΞΗ ΙΙ",
    "paper_448": "ΤΟΜΕΑΣ ΗΛΕΚΤΡΟΛΟΓΙΑΣ, ΗΛΕΚΤΡΟΝΙΚΗΣ ΚΑΙ ΑΥΤΟΜΑΤΙΣΜΟΥ > Β' ΕΠΑ.Λ > ΕΙΣΑΓΩΓΗ ΣΤΑ ΥΠΟΛΟΓΙΣΤΙΚΑ ΣΥΣΤΗΜΑΤΑ ΚΑΙ ΣΤΑ ΔΙΚΤΥΑ ΕΠΙΚΟΙΝΩΝΙΩΝ > ΕΚΠΟΜΠΗ ΚΑΙ ΛΗΨΗ ΤΗΛΕΟΠΤΙΚΟΥ ΣΗΜΑΤΟΣ (ΜΕΡΟΣ Β' ΕΡΓΑΣΤΗΡΙΟ)",
    "paper_450": "ΤΟΜΕΑΣ ΓΕΩΠΟΝΙΑΣ, ΤΡΟΦΙΜΩΝ ΚΑΙ ΠΕΡΙΒΑΛΛΟΝΤΟΣ > Β' ΕΠΑ.Λ > ΑΡΧΕΣ ΑΓΡΟΤΙΚΗΣ ΑΝΑΠΤΥΞΗΣ > ΕΙΣΑΓΩΓΗ ΣΤΗ ΓΕΩΡΓΙΚΗ ΟΙΚΟΝΟΜΙΑ",
    "paper_456": "ΜΑΘΗΜΑΤΑ ΓΕΝΙΚΗΣ ΠΑΙΔΕΙΑΣ > Α' ΕΠΑ.Λ > ΦΥΣΙΚΗ > ΦΥΣΙΚΗ",
    "paper_463": "ΜΑΘΗΜΑΤΑ ΠΡΟΣΑΝΑΤΟΛΙΣΜΟΥ ΣΠΟΥΔΩΝ ΥΓΕΙΑΣ > Γ' Λυκείου > ΒΙΟΛΟΓΙΑ > ΒΙΟΛΟΓΙΑ (ΤΕΥΧΟΣ Β' - ΕΡΓΑΣΤΗΡΙΑΚΟΣ ΟΔΗΓΟΣ)",
    "paper_473": "ΤΟΜΕΑΣ ΥΓΕΙΑΣ - ΠΡΟΝΟΙΑΣ - ΕΥΕΞΙΑΣ > Β' ΕΠΑ.Λ > ΥΓΕΙΑ ΚΑΙ ΔΙΑΤΡΟΦΗ > ΣΤΟΙΧΕΙΑ ΕΙΔΙΚΗΣ ΔΙΑΤΡΟΦΗΣ",
    "paper_474": "ΜΑΘΗΜΑΤΑ ΓΕΝΙΚΗΣ ΠΑΙΔΕΙΑΣ > Β' ΕΠΑ.Λ > ΕΙΣΑΓΩΓΗ ΣΤΙΣ ΑΡΧΕΣ ΤΗΣ ΕΠΙΣΤΗΜΗΣ ΤΩΝ Η/Υ > ΕΙΣΑΓΩΓΗ ΣΤΙΣ ΑΡΧΕΣ ΕΠΙΣΤΗΜΗΣ ΤΩΝ Η/Υ",
    "paper_480": "ΜΑΘΗΜΑΤΑ ΕΠΙΛΟΓΗΣ > Α' ΕΠΑ.Λ > ΒΑΣΙΚΕΣ ΑΡΧΕΣ ΣΥΝΘΕΣΗΣ > ΑΡΧΕΣ ΣΥΝΘΕΣΗΣ",
    "paper_483": "ΜΑΘΗΜΑΤΑ ΓΕΝΙΚΗΣ ΠΑΙΔΕΙΑΣ > Α' Λυκείου > ΦΥΣΙΚΗ > ΦΥΣΙΚΗ",
    "paper_487": "ΜΑΘΗΜΑΤΑ ΠΡΟΣΑΝΑΤΟΛΙΣΜΟΥ ΘΕΤΙΚΩΝ ΣΠΟΥΔΩΝ > Β' Λυκείου > ΜΑΘΗΜΑΤΙΚΑ > ΜΑΘΗΜΑΤΙΚΑ",
    "paper_489": "ΤΟΜΕΑΣ ΓΕΩΠΟΝΙΑΣ, ΤΡΟΦΙΜΩΝ ΚΑΙ ΠΕΡΙΒΑΛΛΟΝΤΟΣ > Γ' ΕΠΑ.Λ > ΑΝΘΟΚΟΜΙΚΑ ΦΥΤΑ > ΑΝΘΟΚΗΠΕΥΤΙΚΕΣ ΚΑΛΛΙΕΡΓΕΙΕΣ",
    "paper_492": "ΤΟΜΕΑΣ ΥΓΕΙΑΣ - ΠΡΟΝΟΙΑΣ - ΕΥΕΞΙΑΣ > Γ' ΕΠΑ.Λ > ΟΡΓΑΝΩΣΗ - ΕΞΟΠΛΙΣΜΟΣ - ΥΛΙΚΑ ΟΔΟΝΤΟΤΕΧΝΙΚΟΥ ΕΡΓΑΣΤΗΡΙΟΥ > ΟΔΟΝΤΟΤΕΧΝΙΚΑ ΥΛΙΚΑ",
    "paper_494": "ΤΟΜΕΑΣ ΜΗΧΑΝΟΛΟΓΙΑΣ > Γ' ΕΠΑ.Λ > ΣΥΝΤΗΡΗΣΗ ΚΑΙ ΕΠΙΣΚΕΥΗ ΕΓΚΑΤΑΣΤΑΣΕΩΝ ΚΑΥΣΗΣ ΥΓΡΩΝ ΚΑΙ ΑΕΡΙΩΝ ΚΑΥΣΙΜΩΝ > ΘΕΡΜΙΚΕΣ ΕΓΚΑΤΑΣΤΑΣΕΙΣ",
    "paper_497": "Α' Εκκλησιαστικού Γυμνασίου > ΘΕΜΑΤΑ ΑΠΟ ΤΗΝ ΑΓΙΑ ΓΡΑΦΗ > ΘΕΜΑΤΑ ΑΠΟ ΤΗΝ ΑΓΙΑ ΓΡΑΦΗ",
    "paper_500": "ΤΟΜΕΑΣ ΠΛΗΡΟΦΟΡΙΚΗΣ > Γ' ΕΠΑ.Λ > ΠΡΟΓΡΑΜΜΑΤΙΣΜΟΣ ΥΠΟΛΟΓΙΣΤΩΝ > ΠΡΟΓΡΑΜΜΑΤΙΣΜΟΣ ΥΠΟΛΟΓΙΣΤΩΝ",
    "paper_501": "ΤΟΜΕΑΣ ΔΙΟΙΚΗΣΗΣ ΚΑΙ ΟΙΚΟΝΟΜΙΑΣ > Γ' ΕΠΑ.Λ > ΛΟΓΙΣΤΙΚΕΣ ΕΦΑΡΜΟΓΕΣ > ΛΟΓΙΣΤΙΚΕΣ ΕΦΑΡΜΟΓΕΣ ΤΗΡΗΣΗ ΒΙΒΛΙΩΝ Γ΄ ΚΑΤΗΓΟΡΙΑΣ",
    "paper_503": "ΤΟΜΕΑΣ ΜΗΧΑΝΟΛΟΓΙΑΣ > Γ' ΕΠΑ.Λ > ΔΟΜΗ ΚΑΙ ΣΥΣΤΗΜΑΤΑ ΑΕΡΟΣΚΑΦΩΝ > ΤΕΧΝΟΛΟΓΙΑ ΑΕΡΟΣΚΑΦΩΝ Ι",
    "paper_506": "Β' Γυμνασίου > ΜΑΘΗΜΑΤΙΚΑ > ΜΑΘΗΜΑΤΙΚΑ",
    "paper_507": "ΤΟΜΕΑΣ ΠΛΗΡΟΦΟΡΙΚΗΣ > Γ' ΕΠΑ.Λ > ΕΓΚΑΤΑΣΤΑΣΗ, ΔΙΑΧΕΙΡΙΣΗ ΚΑΙ ΣΥΝΤΗΡΗΣΗ ΥΠΟΛΟΓΙΣΤΙΚΩΝ ΣΥΣΤΗΜΑΤΩΝ > ΕΓΚΑΤΑΣΤΑΣΗ, ΔΙΑΧΕΙΡΙΣΗ ΚΑΙ ΣΥΝΤΗΡΗΣΗ ΥΠΟΛΟΓΙΣΤΙΚΩΝ ΣΥΣΤΗΜΑΤΩΝ",
    "paper_509": "Β' Δημοτικού > ΓΛΩΣΣΑ > ΕΙΚΟΝΟΓΡΑΦΗΜΕΝΟ ΛΕΞΙΚΟ",
    "paper_510": "ΤΟΜΕΑΣ ΔΟΜΙΚΩΝ ΕΡΓΩΝ, ΔΟΜΗΜΕΝΟΥ ΠΕΡΙΒΑΛΛΟΝΤΟΣ & ΑΡΧΙΤΕΚΤΟΝΙΚΟΥ ΣΧΕΔΙΑΣΜΟΥ > Γ' ΕΠΑ.Λ > ΣΧΕΔΙΟ ΠΟΛΙΤΙΚΟΥ ΜΗΧΑΝΙΚΟΥ ΚΑΙ ΕΡΓΩΝ ΥΠΟΔΟΜΗΣ > ΣΧΕΔΙΟ ΤΕΧΝΙΚΩΝ ΕΡΓΩΝ (ΣΥΓΚΟΙΝΩΝΙΑΚΑ - ΥΔΡΑΥΛΙΚΑ)",
    "paper_512": "ΤΟΜΕΑΣ ΥΓΕΙΑΣ - ΠΡΟΝΟΙΑΣ - ΕΥΕΞΙΑΣ > Γ' ΕΠΑ.Λ > ΑΚΤΙΝΟΠΡΟΣΤΑΣΙΑ > ΑΚΤΙΝΟΠΡΟΣΤΑΣΙΑ",
    "paper_514": "ΤΟΜΕΑΣ ΠΛΗΡΟΦΟΡΙΚΗΣ > Γ' ΕΠΑ.Λ > ΤΕΧΝΙΚΗ ΥΠΟΣΤΗΡΙΞΗ ΠΛΗΡΟΦΟΡΙΑΚΩΝ ΣΥΣΤΗΜΑΤΩΝ ΚΑΙ ΔΙΚΤΥΑΚΩΝ ΥΠΟΔΟΜΩΝ > ΤΕΧΝΙΚΗ ΥΠΟΣΤΗΡΙΞΗ ΥΠΟΛΟΓΙΣΤΙΚΩΝ ΣΥΣΤΗΜΑΤΩΝ ΚΑΙ ΔΙΚΤΥΑΚΩΝ ΥΠΟΔΟΜΩΝ",
    "paper_515": "Α' Γυμνασίου > ΟΙΚΙΑΚΗ ΟΙΚΟΝΟΜΙΑ > ΟΙΚΙΑΚΗ ΟΙΚΟΝΟΜΙΑ (ΤΕΥΧΟΣ Β΄)",
    "paper_516": "Γ' Γυμνασίου > ΒΙΟΛΟΓΙΑ > ΒΙΟΛΟΓΙΑ (ΕΡΓΑΣΤΗΡΙΑΚΟΣ ΟΔΗΓΟΣ)",
    "paper_518": "ΤΟΜΕΑΣ ΗΛΕΚΤΡΟΛΟΓΙΑΣ, ΗΛΕΚΤΡΟΝΙΚΗΣ ΚΑΙ ΑΥΤΟΜΑΤΙΣΜΟΥ > Γ' ΕΠΑ.Λ > ΕΦΑΡΜΟΣΜΕΝΑ ΗΛΕΚΤΡΟΝΙΚΑ - ΚΑΤΑΣΚΕΥΕΣ > ΑΝΑΛΟΓΙΚΑ ΗΛΕΚΤΡΟΝΙΚΑ (ΜΕΡΟΣ Β' ΕΡΓΑΣΤΗΡΙΟ)",
    "paper_519": "ΜΑΘΗΜΑΤΑ ΠΡΟΣΑΝΑΤΟΛΙΣΜΟΥ ΑΝΘΡΩΠΙΣΤΙΚΩΝ ΣΠΟΥΔΩΝ > Γ' Λυκείου > ΙΣΤΟΡΙΑ > ΘΕΜΑΤΑ ΝΕΟΕΛΛΗΝΙΚΗΣ ΙΣΤΟΡΙΑΣ",
    "paper_520": "ΤΟΜΕΑΣ ΗΛΕΚΤΡΟΛΟΓΙΑΣ, ΗΛΕΚΤΡΟΝΙΚΗΣ ΚΑΙ ΑΥΤΟΜΑΤΙΣΜΟΥ > Γ' ΕΠΑ.Λ > ΗΛΕΚΤΡΟΤΕΧΝΙΑ ΙΙ > ΑΝΑΛΥΣΗ ΗΛΕΚΤΡΙΚΩΝ ΚΥΚΛΩΜΑΤΩΝ",
    "paper_521": "ΤΟΜΕΑΣ ΜΗΧΑΝΟΛΟΓΙΑΣ > Γ' ΕΠΑ.Λ > ΚΑΤΑΣΚΕΥΗ ΚΑΙ ΛΕΙΤΟΥΡΓΙΑ ΚΕΝΤΡΙΚΗΣ ΘΕΡΜΑΝΣΗΣ > ΚΑΤΑΣΚΕΥΗ & ΛΕΙΤΟΥΡΓΙΑ ΕΓΚΑΤΑΣΤΑΣΕΩΝ ΚΕΝΤΡ. ΘΕΡΜ.",
    "paper_522": "ΤΟΜΕΑΣ ΔΙΟΙΚΗΣΗΣ ΚΑΙ ΟΙΚΟΝΟΜΙΑΣ > Β' ΕΠΑ.Λ > ΘΕΩΡΙΑ ΤΟΥΡΙΣΜΟΥ ΚΑΙ ΕΦΑΡΜΟΓΕΣ > ΕΦΑΡΜΟΓΕΣ Η/Υ ΣΤΟΝ ΤΟΥΡΙΣΜΟ Β",
    "paper_528": "Β' Γυμνασίου > ΦΥΣΙΚΗ ΑΓΩΓΗ > ΦΥΣΙΚΗ ΑΓΩΓΗ",
    "paper_531": "ΣΤ' Δημοτικού > ΓΛΩΣΣΑ > ΑΝΘΟΛΟΓΙΟ ΛΟΓΟΤΕΧΝΙΚΩΝ ΚΕΙΜΕΝΩΝ",
    "paper_540": "ΤΟΜΕΑΣ ΜΗΧΑΝΟΛΟΓΙΑΣ > Γ' ΕΠΑ.Λ > ΚΙΝΗΤΗΡΕΣ ΑΕΡΟΣΚΑΦΩΝ > ΚΙΝΗΤΗΡΕΣ ΑΕΡΟΣΚΑΦΩΝ Ι",
    "paper_541": "ΤΟΜΕΑΣ ΓΕΩΠΟΝΙΑΣ, ΤΡΟΦΙΜΩΝ ΚΑΙ ΠΕΡΙΒΑΛΛΟΝΤΟΣ > Β' ΕΠΑ.Λ > ΠΕΡΙΒΑΛΛΟΝ ΚΑΙ ΓΕΩΡΓΙΑ > ΠΕΡΙΒΑΛΛΟΝ & ΓΕΩΡΓΙΑ",
    "paper_542": "ΤΟΜΕΑΣ ΥΓΕΙΑΣ - ΠΡΟΝΟΙΑΣ - ΕΥΕΞΙΑΣ > Γ' ΕΠΑ.Λ > ΣΥΝΤΑΓΟΛΟΓΙΑ - ΝΟΜΟΘΕΣΙΑ - ΒΙΒΛΙΑ ΦΑΡΜΑΚΕΙΟΥ > ΣΥΝΤΑΓΟΛΟΓΙΑ - ΝΟΜΟΘΕΣΙΑ - ΒΙΒΛΙΑ ΦΑΡΜΑΚΕΙΟΥ",
    "paper_551": "ΤΟΜΕΑΣ ΜΗΧΑΝΟΛΟΓΙΑΣ > Γ' ΕΠΑ.Λ > ΜΗΧΑΝΕΣ ΕΣΩΤΕΡΙΚΗΣ ΚΑΥΣΗΣ ΙΙ (ΕΡΓΑΣΤΗΡΙΟ) > ΜΗΧΑΝΕΣ ΕΣΩΤΕΡΙΚΗΣ ΚΑΥΣΗΣ ΙΙ (ΕΡΓΑΣΤΗΡΙΑΚΟΣ ΟΔΗΓΟΣ)",
    "paper_556": "Δ' Δημοτικού > ΘΡΗΣΚΕΥΤΙΚΑ > ΘΡΗΣΚΕΥΤΙΚΑ: ΑΝΑΚΑΛΥΠΤΟΥΜΕ ΕΙΚΟΝΕΣ, ΠΡΟΣΩΠΑ ΚΑΙ ΙΣΤΟΡΙΕΣ",
    "paper_557": "ΤΟΜΕΑΣ ΥΓΕΙΑΣ - ΠΡΟΝΟΙΑΣ - ΕΥΕΞΙΑΣ > Β' ΕΠΑ.Λ > ΣΥΓΧΡΟΝΗ ΑΙΣΘΗΤΙΚΗ Ι > ΣΥΓΧΡΟΝΗ ΑΙΣΘΗΤΙΚΗ",
    "paper_563": "ΤΟΜΕΑΣ ΓΕΩΠΟΝΙΑΣ, ΤΡΟΦΙΜΩΝ ΚΑΙ ΠΕΡΙΒΑΛΛΟΝΤΟΣ > Γ' ΕΠΑ.Λ > ΣΧΕΔΙΑΣΜΟΣ ΦΥΤΟΤΕΧΝΙΚΩΝ ΕΡΓΩΝ > ΕΦΑΡΜΟΓΕΣ ΗΛΕΚΤΡΟΝΙΚΩΝ ΥΠΟΛΟΓΙΣΤΩΝ (ΓΕΩΠΟΝΙΑΣ, ΤΡΟΦΙΜΩΝ ΚΑΙ ΠΕΡΙΒΑΛΛΟΝΤΟΣ)",
    "paper_569": "ΤΟΜΕΑΣ ΥΓΕΙΑΣ - ΠΡΟΝΟΙΑΣ - ΕΥΕΞΙΑΣ > Γ' ΕΠΑ.Λ > ΥΓΙΕΙΝΗ > ΥΓΙΕΙΝΗ ΜΙΚΡΟΒΙΟΛΟΓΙΑ",
    "paper_578": "ΤΟΜΕΑΣ ΔΙΟΙΚΗΣΗΣ ΚΑΙ ΟΙΚΟΝΟΜΙΑΣ > Γ' ΕΠΑ.Λ > ΦΟΡΟΛΟΓΙΚΗ ΠΡΑΚΤΙΚΗ > ΦΟΡΟΛΟΓΙΚΗ ΛΟΓΙΣΤΙΚΗ",
    "paper_581": "ΜΑΘΗΜΑΤΑ ΓΕΝΙΚΗΣ ΠΑΙΔΕΙΑΣ > Α' Λυκείου > ΧΗΜΕΙΑ > ΧΗΜΕΙΑ",
    "paper_582": "ΤΟΜΕΑΣ ΕΦΑΡΜΟΣΜΕΝΩΝ ΤΕΧΝΩΝ > Β' ΕΠΑ.Λ > ΕΛΕΥΘΕΡΟ ΣΧΕΔΙΟ > ΕΛΕΥΘΕΡΟ ΣΧΕΔΙΟ",
    "paper_583": "ΤΟΜΕΑΣ ΕΦΑΡΜΟΣΜΕΝΩΝ ΤΕΧΝΩΝ > Γ' ΕΠΑ.Λ > ΓΡΑΦΙΣΤΙΚΕΣ ΕΦΑΡΜΟΓΕΣ ΙΙ ΚΑΙ ΨΗΦΙΑΚΗ ΣΧΕΔΙΑΣΗ ΕΝΤΥΠΟΥ > ΕΦΑΡΜΟΓΕΣ ΗΛΕΚΤΡΟΝΙΚΟΥ ΥΠΟΛΟΓΙΣΤΗ",
    "paper_585": "ΤΟΜΕΑΣ ΕΦΑΡΜΟΣΜΕΝΩΝ ΤΕΧΝΩΝ > Γ' ΕΠΑ.Λ > ΓΡΑΦΙΣΤΙΚΕΣ ΕΦΑΡΜΟΓΕΣ > ΓΡΑΦΙΣΤΙΚΕΣ ΕΦΑΡΜΟΓΕΣ ΙΙ",
    "paper_586": "ΤΟΜΕΑΣ ΓΕΩΠΟΝΙΑΣ, ΤΡΟΦΙΜΩΝ ΚΑΙ ΠΕΡΙΒΑΛΛΟΝΤΟΣ > Γ' ΕΠΑ.Λ > ΕΦΑΡΜΟΓΕΣ ΑΡΔΕΥΤΙΚΩΝ ΔΙΚΤΥΩΝ ΣΤΗΝ ΚΗΠΟΤΕΧΝΙΑ > ΕΦΑΡΜΟΓΕΣ ΑΡΔΕΥΤΙΚΩΝ ΔΙΚΤΥΩΝ ΣΤΗΝ ΚΗΠΟΤΕΧΝΙΑ (ΕΡΓΑΣΤΗΡΙΑΚΟΣ ΟΔΗΓΟΣ)",
    "paper_587": "ΤΟΜΕΑΣ ΕΦΑΡΜΟΣΜΕΝΩΝ ΤΕΧΝΩΝ > Γ' ΕΠΑ.Λ > ΤΕΧΝΟΛΟΓΙΑ ΞΥΛΟΥ - ΜΕΤΡΗΣΕΙΣ > ΤΕΧΝΟΛΟΓΙΑ ΞΥΛΟΥ - ΜΕΤΡΗΣΕΙΣ",
    "paper_589": "ΤΟΜΕΑΣ ΔΟΜΙΚΩΝ ΕΡΓΩΝ, ΔΟΜΗΜΕΝΟΥ ΠΕΡΙΒΑΛΛΟΝΤΟΣ & ΑΡΧΙΤΕΚΤΟΝΙΚΟΥ ΣΧΕΔΙΑΣΜΟΥ > Γ' ΕΠΑ.Λ > ΑΡΧΙΤΕΚΤΟΝΙΚΟ ΣΧΕΔΙΟ > ΑΡΧΙΤΕΚΤΟΝΙΚΟ ΣΧΕΔΙΟ (ΠΟΛΕΟΔΟΜΙΑ & ΑΡΧΙΤΕΚΤΟΝΙΚΕΣ ΛΕΠΤ.)",
    "paper_591": "ΤΟΜΕΑΣ ΜΗΧΑΝΟΛΟΓΙΑΣ > Γ' ΕΠΑ.Λ > ΣΤΟΙΧΕΙΑ ΣΧΕΔΙΑΣΜΟΥ ΚΕΝΤΡΙΚΩΝ ΘΕΡΜΑΝΣΕΩΝ > ΣΤΟΙΧΕΙΑ ΣΧΕΔΙΑΣΜΟΥ ΚΕΝΤΡΙΚΩΝ ΘΕΡΜΑΝΣΕΩΝ",
    "paper_593": "ΤΟΜΕΑΣ ΥΓΕΙΑΣ - ΠΡΟΝΟΙΑΣ - ΕΥΕΞΙΑΣ > Γ' ΕΠΑ.Λ > ΠΡΑΚΤΙΚΗ ΦΥΣΙΚΟΘΕΡΑΠΕΙΑ > ΠΡΑΚΤΙΚΗ ΦΥΣΙΚΟΘΕΡΑΠΕΙΑ",
    "paper_595": "ΤΟΜΕΑΣ ΠΛΗΡΟΦΟΡΙΚΗΣ > Β' ΕΠΑ.Λ > ΛΕΙΤΟΥΡΓΙΚΑ ΣΥΣΤΗΜΑΤΑ & ΑΣΦΑΛΕΙΑ ΠΛΗΡΟΦΟΡΙΑΚΩΝ ΣΥΣΤΗΜΑΤΩΝ > ΛΕΙΤΟΥΡΓΙΚΑ ΣΥΣΤΗΜΑΤΑ ΚΑΙ ΑΣΦΑΛΕΙΑ ΠΛΗΡΟΦΟΡΙΑΚΩΝ ΣΥΣΤΗΜΑΤΩΝ",
    "paper_597": "ΤΟΜΕΑΣ ΠΛΗΡΟΦΟΡΙΚΗΣ > Β' ΕΠΑ.Λ > ΑΡΧΕΣ ΠΡΟΓΡΑΜΜΑΤΙΣΜΟΥ ΥΠΟΛΟΓΙΣΤΩΝ > ΑΡΧΕΣ ΠΡΟΓΡΑΜΜΑΤΙΣΜΟΥ ΥΠΟΛΟΓΙΣΤΩΝ",
    "paper_598": "ΤΟΜΕΑΣ ΥΓΕΙΑΣ - ΠΡΟΝΟΙΑΣ - ΕΥΕΞΙΑΣ > Γ' ΕΠΑ.Λ > ΣΤΟΙΧΕΙΑ ΜΑΙΕΥΤΙΚΗΣ - ΓΥΝΑΙΚΟΛΟΓΙΑΣ > ΜΑΙΕΥΤΙΚΗ – ΓΥΝΑΙΚΟΛΟΓΙΑ",
    "paper_599": "ΤΟΜΕΑΣ ΥΓΕΙΑΣ - ΠΡΟΝΟΙΑΣ - ΕΥΕΞΙΑΣ > Β' ΕΠΑ.Λ > ΝΟΣΗΛΕΥΤΙΚΗ Ι > ΝΟΣΗΛΕΥΤΙΚΗ - Α (ΘΕΩΡΙΑ - ΕΡΓΑΣΤΗΡΙΟ)",
    "paper_600": "ΤΟΜΕΑΣ ΝΑΥΤΙΛΙΑΚΩΝ ΕΠΑΓΓΕΛΜΑΤΩΝ > Γ' ΕΠΑ.Λ > Ν.Η.Ο. - ΕΠΙΚΟΙΝΩΝΙΕΣ > ΕΠΙΚΟΙΝΩΝΙΕΣ",
    "paper_601": "Γ' Εκκλησιαστικού Λυκείου > ΒΥΖΑΝΤΙΝΗ ΜΟΥΣΙΚΗ > ΕΚΚΛΗΣΙΑΣΤΙΚΗ ΜΟΥΣΙΚΗ",
    "paper_603": "Δ' Δημοτικού > ΓΛΩΣΣΑ > ΓΛΩΣΣΑ",
    "paper_609": "ΤΟΜΕΑΣ ΕΦΑΡΜΟΣΜΕΝΩΝ ΤΕΧΝΩΝ > Γ' ΕΠΑ.Λ > ΤΕΧΝΟΛΟΓΙΑ ΠΑΡΑΓΩΓΗΣ ΕΝΔΥΜΑΤΩΝ > ΤΕΧΝΟΛΟΓΙΑ ΠΑΡΑΓΩΓΗΣ ΕΝΔΥΜΑΤΩΝ",
    "paper_611": "Β' Εκκλησιαστικού Λυκείου > ΘΕΜΑΤΑ ΔΟΓΜΑΤΙΚΗΣ ΘΕΟΛΟΓΙΑΣ > ΘΕΜΑΤΑ ΔΟΓΜΑΤΙΚΗΣ ΘΕΟΛΟΓΙΑΣ",
    "paper_625": "ΜΑΘΗΜΑΤΑ ΠΡΟΣΑΝΑΤΟΛΙΣΜΟΥ ΘΕΤΙΚΩΝ ΣΠΟΥΔΩΝ > Β' Λυκείου > ΦΥΣΙΚΗ > ΦΥΣΙΚΗ",
    "paper_627": "ΤΟΜΕΑΣ ΕΦΑΡΜΟΣΜΕΝΩΝ ΤΕΧΝΩΝ > Γ' ΕΠΑ.Λ > ΠΟΙΟΤΙΚΟΣ ΕΛΕΓΧΟΣ ΥΦΑΣΜΑΤΩΝ > ΠΟΙΟΤΙΚΟΣ ΈΛΕΓΧΟΣ ΥΦΑΣΜΑΤΩΝ - ΕΝΔΥΜΑΤΩΝ (ΕΡΓΑΣΤΗΡΙΑΚΟΣ ΟΔΗΓΟΣ)",
    "paper_629": "ΤΟΜΕΑΣ ΔΙΟΙΚΗΣΗΣ ΚΑΙ ΟΙΚΟΝΟΜΙΑΣ > Β' ΕΠΑ.Λ > ΣΤΟΙΧΕΙΑ ΔΙΚΑΙΟΥ (ΑΣΤΙΚΟ - ΕΜΠΟΡΙΚΟ - ΕΡΓΑΤΙΚΟ - ΤΟΥΡΙΣΤΙΚΟ) > ΣΤΟΙΧΕΙΑ ΕΜΠΟΡΙΚΟΥ ΔΙΚΑΙΟΥ",
    "paper_633": "ΤΟΜΕΑΣ ΕΦΑΡΜΟΣΜΕΝΩΝ ΤΕΧΝΩΝ > Γ' ΕΠΑ.Λ > ΔΙΑΚΟΣΜΗΣΗ ΕΣΩΤΕΡΙΚΩΝ ΧΩΡΩΝ > ΣΧΕΔΙΑΣΜΟΣ ΕΠΑΓΓΕΛΜΑΤΙΚΩΝ ΧΩΡΩΝ",
    "paper_637": "Α' Γυμνασίου > ΦΥΣΙΚΗ > Η ΦΥΣΙΚΗ ΜΕ ΠΕΙΡΑΜΑΤΑ",
    "paper_638": "ΤΟΜΕΑΣ ΕΦΑΡΜΟΣΜΕΝΩΝ ΤΕΧΝΩΝ > Γ' ΕΠΑ.Λ > ΨΗΦΙΑΚΗ ΣΧΕΔΙΑΣΗ > ΣΧΕΔΙΟ ΜΕ Η/Υ",
    "paper_642": "ΤΟΜΕΑΣ ΝΑΥΤΙΛΙΑΚΩΝ ΕΠΑΓΓΕΛΜΑΤΩΝ > Γ' ΕΠΑ.Λ > ΜΗΧΑΝΟΛΟΓΙΚΕΣ ΚΑΤΑΣΚΕΥΕΣ ΠΛΟΙΟΥ - ΜΗΧΑΝΟΛΟΓΙΚΟ ΣΧΕΔΙΟ ΜΕ ΧΡΗΣΗ Η/Υ > ΜΗΧΑΝΟΛΟΓΙΚΟ ΣΧΕΔΙΟ ΜΕ Η/Υ",
    "paper_643": "ΜΑΘΗΜΑΤΑ ΓΕΝΙΚΗΣ ΠΑΙΔΕΙΑΣ > Γ' Λυκείου > ΘΡΗΣΚΕΥΤΙΚΑ > ΘΡΗΣΚΕΥΤΙΚΑ: ΧΡΙΣΤΙΑΝΙΣΜΟΣ ΚΑΙ ΣΥΓΧΡΟΝΟΣ ΚΟΣΜΟΣ",
    "paper_645": "ΤΟΜΕΑΣ ΗΛΕΚΤΡΟΛΟΓΙΑΣ, ΗΛΕΚΤΡΟΝΙΚΗΣ ΚΑΙ ΑΥΤΟΜΑΤΙΣΜΟΥ > Γ' ΕΠΑ.Λ > ΑΥΤΟΜΑΤΙΣΜΟΙ ΠΡΟΓΡΑΜΜΑΤΙΖΟΜΕΝΗΣ ΛΟΓΙΚΗΣ > ΣΥΣΤΗΜΑΤΑ ΑΥΤΟΜΑΤΙΣΜΩΝ (ΤΟΜΟΣ Β')",
    "paper_652": "ΤΟΜΕΑΣ ΗΛΕΚΤΡΟΛΟΓΙΑΣ, ΗΛΕΚΤΡΟΝΙΚΗΣ ΚΑΙ ΑΥΤΟΜΑΤΙΣΜΟΥ > Γ' ΕΠΑ.Λ > ΗΛΕΚΤΡΙΚΕΣ ΕΓΚΑΤΑΣΤΑΣΕΙΣ ΙΙ / ΕΡΓΑΣΤΗΡΙΟ ΗΛΕΚΤΡΟΤΕΧΝΙΑΣ ΚΑΙ ΗΛΕΚΤΡΙΚΩΝ ΜΗΧΑΝΩΝ > ΕΡΓΑΣΤΗΡΙΟ ΗΛΕΚΤΡΙΚΩΝ ΕΓΚΑΤΑΣΤΑΣΕΩΝ Β",
    "paper_656": "ΤΟΜΕΑΣ ΥΓΕΙΑΣ - ΠΡΟΝΟΙΑΣ - ΕΥΕΞΙΑΣ > Β' ΕΠΑ.Λ > ΔΗΜΙΟΥΡΓΙΚΗ ΑΠΑΣΧΟΛΗΣΗ ΣΤΗΝ ΠΡΟΣΧΟΛΙΚΗ ΗΛΙΚΙΑ Ι > ΑΙΣΘΗΤΙΚΗ ΑΓΩΓΗ",
    "paper_657": "ΤΟΜΕΑΣ ΥΓΕΙΑΣ - ΠΡΟΝΟΙΑΣ - ΕΥΕΞΙΑΣ > Β' ΕΠΑ.Λ > ΔΙΑΠΡΟΣΩΠΙΚΕΣ ΣΧΕΣΕΙΣ > ΕΠΙΚΟΙΝΩΝΙΑ - ΔΙΑΠΡΟΣΩΠΙΚΕΣ ΣΧΕΣΕΙΣ",
    "paper_660": "ΤΟΜΕΑΣ ΓΕΩΠΟΝΙΑΣ, ΤΡΟΦΙΜΩΝ ΚΑΙ ΠΕΡΙΒΑΛΛΟΝΤΟΣ > Γ' ΕΠΑ.Λ > ΦΥΤΟΠΡΟΣΤΑΣΙΑ > ΦΥΤΟΠΡΟΣΤΑΣΙΑ",
    "paper_661": "ΜΑΘΗΜΑΤΑ ΕΠΙΛΟΓΗΣ > Α' ΕΠΑ.Λ > ΓΕΩΠΟΝΙΑ ΚΑΙ ΑΕΙΦΟΡΟΣ ΑΝΑΠΤΥΞΗ > ΣΤΟΙΧΕΙΑ ΓΕΩΠΟΝΙΑΣ & ΑΓΡΟΤΙΚΗ ΑΝΑΠΤΥΞΗ",
    "paper_662": "Α' Εκκλησιαστικού Λυκείου > ΣΤΟΙΧΕΙΑ ΛΕΙΤΟΥΡΓΙΚΗΣ ΚΑΙ ΤΕΛΕΤΟΥΡΓΙΚΗΣ > ΣΤΟΙΧΕΙΑ ΛΕΙΤΟΥΡΓΙΚΗΣ ΚΑΙ ΤΕΛΕΤΟΥΡΓΙΚΗΣ",
    "paper_663": "ΤΟΜΕΑΣ ΔΙΟΙΚΗΣΗΣ ΚΑΙ ΟΙΚΟΝΟΜΙΑΣ > Β' ΕΠΑ.Λ > ΧΡΗΜΑΤΟΠΙΣΤΩΤΙΚΕΣ ΣΥΝΑΛΛΑΓΕΣ - ΛΟΓΙΣΤΙΚΑ ΦΥΛΛΑ (EXCEL) > ΣΥΓΧΡΟΝΕΣ ΣΥΝΑΛΛΑΓΕΣ",
    "paper_669": "ΤΟΜΕΑΣ ΗΛΕΚΤΡΟΛΟΓΙΑΣ, ΗΛΕΚΤΡΟΝΙΚΗΣ ΚΑΙ ΑΥΤΟΜΑΤΙΣΜΟΥ > Γ' ΕΠΑ.Λ > ΗΛΕΚΤΡΟΤΕΧΝΙΑ > ΗΛΕΚΤΡΟΤΕΧΝΙΑ",
    "paper_670": "ΤΟΜΕΑΣ ΓΕΩΠΟΝΙΑΣ, ΤΡΟΦΙΜΩΝ ΚΑΙ ΠΕΡΙΒΑΛΛΟΝΤΟΣ > Γ' ΕΠΑ.Λ > ΑΣΦΑΛΕΙΑ ΤΡΟΦΙΜΩΝ > ΥΓΙΕΙΝΗ ΚΑΙ ΑΣΦΑΛΕΙΑ ΤΡΟΦΙΜΩΝ",
    "paper_672": "ΤΟΜΕΑΣ ΥΓΕΙΑΣ - ΠΡΟΝΟΙΑΣ - ΕΥΕΞΙΑΣ > Γ' ΕΠΑ.Λ > ΣΤΟΙΧΕΙΑ ΦΑΡΜΑΚΟΓΝΩΣΙΑΣ > ΦΑΡΜΑΚΟΓΝΩΣΙΑ",
    "paper_673": "ΤΟΜΕΑΣ ΜΗΧΑΝΟΛΟΓΙΑΣ > Γ' ΕΠΑ.Λ > ΣΤΟΙΧΕΙΑ ΨΥΞΗΣ- ΚΛΙΜΑΤΙΣΜΟΥ > ΨΥΞΗ – ΚΛΙΜΑΤΙΣΜΟΣ",
    "paper_674": "ΜΑΘΗΜΑΤΑ ΓΕΝΙΚΗΣ ΠΑΙΔΕΙΑΣ > Β' ΕΠΑ.Λ > ΝΕΑ ΕΛΛΗΝΙΚΑ > ΝΕΑ ΕΛΛΗΝΙΚΑ",
    "paper_676": "ΤΟΜΕΑΣ ΥΓΕΙΑΣ - ΠΡΟΝΟΙΑΣ - ΕΥΕΞΙΑΣ > Β' ΕΠΑ.Λ > ΦΑΡΜΑΚΕΥΤΙΚΗ ΤΕΧΝΟΛΟΓΙΑ Ι > ΦΑΡΜΑΚΕΥΤΙΚΗ ΤΕΧΝΟΛΟΓΙΑ Ι & ΙΙ",
    "paper_683": "ΤΟΜΕΑΣ ΥΓΕΙΑΣ - ΠΡΟΝΟΙΑΣ - ΕΥΕΞΙΑΣ > Γ' ΕΠΑ.Λ > ΒΑΣΙΚΕΣ ΕΦΑΡΜΟΓΕΣ ΚΟΜΜΩΤΙΚΗΣ ΙΙ > ΕΡΓΑΣΤΗΡΙΟ ΚΟΜΜΩΤΙΚΗΣ ΙΙ",
    "paper_684": "Γ' Γυμνασίου > ΙΣΤΟΡΙΑ > ΝΕΟΤΕΡΗ ΚΑΙ ΣΥΓΧΡΟΝΗ ΙΣΤΟΡΙΑ",
    "paper_686": "ΤΟΜΕΑΣ ΕΦΑΡΜΟΣΜΕΝΩΝ ΤΕΧΝΩΝ > Γ' ΕΠΑ.Λ > ΕΛΕΥΘΕΡΟ ΣΧΕΔΙΟ > ΕΛΕΥΘΕΡΟ ΣΧΕΔΙΟ - ΧΡΩΜΑ",
    "paper_687": "ΤΟΜΕΑΣ ΥΓΕΙΑΣ - ΠΡΟΝΟΙΑΣ - ΕΥΕΞΙΑΣ > Γ' ΕΠΑ.Λ > ΝΕΟΤΕΡΕΣ ΑΠΕΙΚΟΝΙΣΤΙΚΕΣ ΜΕΘΟΔΟΙ > ΝΕΟΤΕΡΕΣ ΑΠΕΙΚΟΝΙΣΤΙΚΕΣ ΜΕΘΟΔΟΙ",
    "paper_688": "ΤΟΜΕΑΣ ΥΓΕΙΑΣ - ΠΡΟΝΟΙΑΣ - ΕΥΕΞΙΑΣ > Γ' ΕΠΑ.Λ > ΑΚΤΙΝΟΑΝΑΤΟΜΙΚΗ > ΑΚΤΙΝΟΑΝΑΤΟΜΙΚΗ",
    "paper_689": "ΤΟΜΕΑΣ ΥΓΕΙΑΣ - ΠΡΟΝΟΙΑΣ - ΕΥΕΞΙΑΣ > Γ' ΕΠΑ.Λ > SPA ΚΑΙ ΛΟΥΤΡΟΘΕΡΑΠΕΙΑ > ΑΡΧΑΙΟΕΛΛΗΝΙΚΕΣ ΤΕΧΝΙΚΕΣ ΑΙΣΘΗΤΙΚΗΣ ΚΑΙ ΕΥΕΞΙΑΣ",
    "paper_692": "Β' Εκκλησιαστικού Γυμνασίου > ΒΥΖΑΝΤΙΝΗ ΜΟΥΣΙΚΗ > ΕΚΚΛΗΣΙΑΣΤΙΚΗ ΜΟΥΣΙΚΗ",
    "paper_695": "ΜΑΘΗΜΑΤΑ ΕΠΙΛΟΓΗΣ > Α' ΕΠΑ.Λ > ΑΓΩΓΗ ΥΓΕΙΑΣ > ΑΓΩΓΗ ΥΓΕΙΑΣ",
    "paper_696": "ΤΟΜΕΑΣ ΜΗΧΑΝΟΛΟΓΙΑΣ > Γ' ΕΠΑ.Λ > ΜΗΧΑΝΟΥΡΓΙΚΗ ΤΕΧΝΟΛΟΓΙΑ - ΕΡΓΑΛΕΙΟΜΗΧΑΝΕΣ > ΜΗΧΑΝΟΥΡΓΙΚΗ ΤΕΧΝΟΛΟΓΙΑ Ι (ΚΑΤΕΡΓΑΣΙΕΣ ΚΟΠΗΣ)",
    "paper_701": "ΤΟΜΕΑΣ ΓΕΩΠΟΝΙΑΣ, ΤΡΟΦΙΜΩΝ ΚΑΙ ΠΕΡΙΒΑΛΛΟΝΤΟΣ > Γ' ΕΠΑ.Λ > ΜΕΛΙΣΣΟΚΟΜΙΑ-ΣΗΡΟΤΡΟΦΙΑ > ΜΕΛΙΣΣΟΚΟΜΙΑ - ΣΗΡΟΤΡΟΦΙΑ",
    "paper_703": "ΤΟΜΕΑΣ ΗΛΕΚΤΡΟΛΟΓΙΑΣ, ΗΛΕΚΤΡΟΝΙΚΗΣ ΚΑΙ ΑΥΤΟΜΑΤΙΣΜΟΥ > Γ' ΕΠΑ.Λ > ΣΥΣΤΗΜΑΤΑ ΕΛΕΓΧΟΥ ΚΑΙ ΑΣΦΑΛΕΙΑΣ > ΣΥΣΤΗΜΑΤΑ ΕΛΕΓΧΟΥ ΚΑΙ ΑΣΦΑΛΕΙΑΣ",
    "paper_707": "ΤΟΜΕΑΣ ΥΓΕΙΑΣ - ΠΡΟΝΟΙΑΣ - ΕΥΕΞΙΑΣ > Γ' ΕΠΑ.Λ > ΠΑΙΔΑΓΩΓΙΚΟ ΠΕΡΙΒΑΛΛΟΝ ΒΡΕΦΟΝΗΠΙΑΚΟΥ ΣΤΑΘΜΟΥ > ΟΡΓΑΝΩΣΗ ΒΡΕΦΟΝΗΠΙΑΚΩΝ ΤΜΗΜΑΤΩΝ & ΜΟΡΦΕΣ ΔΡΑΣΤΗΡΙΟΤΗΤΩΝ ΠΡΟΣΧΟΛΙΚΗΣ ΗΛΙΚΙΑΣ",
    "paper_710": "ΤΟΜΕΑΣ ΓΕΩΠΟΝΙΑΣ, ΤΡΟΦΙΜΩΝ ΚΑΙ ΠΕΡΙΒΑΛΛΟΝΤΟΣ > Γ' ΕΠΑ.Λ > ΥΔΑΤΟΚΑΛΛΙΕΡΓΕΙΕΣ > ΥΔΑΤΟΚΑΛΛΙΕΡΓΕΙΕΣ",
    "paper_711": "Ε' Δημοτικού > ΘΡΗΣΚΕΥΤΙΚΑ > ΘΡΗΣΚΕΥΤΙΚΑ: ΑΝΑΚΑΛΥΠΤΟΥΜΕ ΚΕΙΜΕΝΑ, ΜΝΗΜΕΙΑ, ΤΟΠΟΥΣ ΚΑΙ ΓΕΓΟΝΟΤΑ",
    "paper_722": "ΤΟΜΕΑΣ ΗΛΕΚΤΡΟΛΟΓΙΑΣ, ΗΛΕΚΤΡΟΝΙΚΗΣ ΚΑΙ ΑΥΤΟΜΑΤΙΣΜΟΥ > Γ' ΕΠΑ.Λ > ΕΠΕΞΕΡΓΑΣΙΑ ΣΗΜΑΤΟΣ ΗΧΟΥ ΚΑΙ ΕΙΚΟΝΑΣ > ΠΑΡΑΓΩΓΗ & ΕΠΕΞΕΡΓΑΣΙΑ ΣΗΜΑΤΟΣ (ΜΕΡΟΣ Β' ΕΡΓΑΣΤΗΡΙΟ)",
    "paper_725": "ΤΟΜΕΑΣ ΥΓΕΙΑΣ - ΠΡΟΝΟΙΑΣ - ΕΥΕΞΙΑΣ > Γ' ΕΠΑ.Λ > ΑΙΜΑΤΟΛΟΓΙΑ > ΑΙΜΑΤΟΛΟΓΙΑ – ΑΙΜΟΔΟΣΙΑ ΙΙ",
    "paper_727": "Γ' Γυμνασίου > ΑΡΧΑΙΑ ΕΛΛΗΝΙΚΑ ΚΕΙΜΕΝΑ ΑΠΟ ΜΕΤΑΦΡΑΣΗ > ΔΡΑΜΑΤΙΚΗ ΠΟΙΗΣΗ: ΕΥΡΙΠΙΔΗ ΕΛΕΝΗ",
    "paper_730": "ΤΟΜΕΑΣ ΥΓΕΙΑΣ - ΠΡΟΝΟΙΑΣ - ΕΥΕΞΙΑΣ > Γ' ΕΠΑ.Λ > ΚΙΝΗΣΙΟΛΟΓΙΑ > ΚΙΝΗΣΙΟΛΟΓΙΑ - ΥΓ. - ΠΡΟΝ.",
    "paper_734": "ΜΑΘΗΜΑΤΑ ΓΕΝΙΚΗΣ ΠΑΙΔΕΙΑΣ > Α' Λυκείου > ΘΡΗΣΚΕΥΤΙΚΑ > ΘΡΗΣΚΕΥΤΙΚΑ: ΟΡΘΟΔΟΞΗ ΠΙΣΤΗ ΚΑΙ ΛΑΤΡΕΙΑ",
    "paper_737": "ΤΟΜΕΑΣ ΠΛΗΡΟΦΟΡΙΚΗΣ > Γ' ΕΠΑ.Λ > ΕΙΔΙΚΑ ΘΕΜΑΤΑ ΣΤΟ ΥΛΙΚΟ ΚΑΙ ΣΤΑ ΔΙΚΤΥΑ ΥΠΟΛΟΓΙΣΤΩΝ > ΕΙΔΙΚΑ ΘΕΜΑΤΑ ΣΤΟ ΥΛΙΚΟ ΚΑΙ ΣΤΑ ΔΙΚΤΥΑ ΥΠΟΛΟΓΙΣΤΩΝ",
    "paper_740": "ΤΟΜΕΑΣ ΕΦΑΡΜΟΣΜΕΝΩΝ ΤΕΧΝΩΝ > Β' ΕΠΑ.Λ > ΕΦΑΡΜΟΣΜΕΝΕΣ ΤΕΧΝΕΣ ΜΕ ΧΡΗΣΗ Η/Υ > ΕΦΑΡΜΟΓΕΣ ΗΛΕΚΤΡΟΝΙΚΟΥ ΥΠΟΛΟΓΙΣΤΗ",
    "paper_741": "ΤΟΜΕΑΣ ΥΓΕΙΑΣ - ΠΡΟΝΟΙΑΣ - ΕΥΕΞΙΑΣ > Γ' ΕΠΑ.Λ > ΔΗΜΙΟΥΡΓΙΚΗ ΑΠΑΣΧΟΛΗΣΗ ΣΤΗΝ ΠΡΟΣΧΟΛΙΚΗ ΗΛΙΚΙΑ ΙΙ > ΑΙΣΘΗΤΙΚΗ ΑΓΩΓΗ",
    "paper_743": "Γ' Εκκλησιαστικού Γυμνασίου > ΒΥΖΑΝΤΙΝΗ ΜΟΥΣΙΚΗ > ΕΚΚΛΗΣΙΑΣΤΙΚΗ ΜΟΥΣΙΚΗ",
    "paper_744": "ΤΟΜΕΑΣ ΥΓΕΙΑΣ - ΠΡΟΝΟΙΑΣ - ΕΥΕΞΙΑΣ > Γ' ΕΠΑ.Λ > ΦΥΣΙΚΟΘΕΡΑΠΕΙΑ > ΦΥΣΙΚΟΘΕΡΑΠΕΙΑ",
    "paper_745": "ΜΑΘΗΜΑΤΑ ΕΠΙΛΟΓΗΣ > Α' ΕΠΑ.Λ > ΝΑΥΤΙΛΙΑΚΕΣ ΓΝΩΣΕΙΣ > ΝΑΥΤΙΛΙΑΚΕΣ ΓΝΩΣΕΙΣ"
}